Date,Bitcoin Open,Bitcoin High,Bitcoin Low,Ethereum Open,Ethereum High,Ethereum Low,Tether Open,Tether High,Tether Low,Solana Open,Solana High,Solana Low,Cardano Open,Cardano High, Cardano Low,Binance Open,Binance High,Binance Low
"Dec 31, 2024",92643.25,96090.60,91914.03,3356.39,3444.40,3311.41,0.9981,1.0000,0.9978,191.05,198.68,187.98,0.860024,0.872263,0.841744,704.15,713.6,698.03
"Dec 30, 2024",93527.20,94903.32,91317.13,3349.59,3428.53,3298.80,0.9982,0.9997,0.9971,189.74,196.12,185.94,0.858641,0.896195,0.830983,693.75,711.04,686.91
"Dec 29, 2024",95174.05,95174.88,92881.79,3397.86,3406.65,3321.66,0.9982,0.9993,0.9976,195.02,197.18,188.34,0.887817,0.907943,0.85229,720.96,722.77,689.48
"Dec 28, 2024",94160.19,95525.90,94014.29,3328.77,3419.92,3318.03,0.9986,0.9996,0.9979,183.83,195.44,183.83,0.874775,0.895069,0.867825,690.43,729.32,690.43
"Dec 27, 2024",95704.98,97294.84,93310.74,3331.05,3436.71,3302.58,0.9989,1.0000,0.9978,188.22,193.75,182.95,0.85978,0.911337,0.857433,688.35,709.65,685.2
"Dec 26, 2024",99297.70,99884.57,95137.88,3493.30,3512.60,3302.31,0.9992,1.0006,0.9986,197.48,199.4,186.86,0.916854,0.924634,0.853079,702.33,718.16,683.26
"Dec 25, 2024",98675.91,99478.75,97593.47,3491.96,3542.83,3440.10,0.9993,1.0005,0.9988,196.99,201.63,195.35,0.936465,0.936551,0.904098,696.74,711.99,695.96
"Dec 24, 2024",94684.34,99404.06,93448.02,3415.74,3535.86,3355.61,0.9987,1.0004,0.9982,189.75,198.7,186.12,0.924243,0.947713,0.892834,693,698.44,682
"Dec 23, 2024",95099.39,96416.21,92403.13,3277.51,3461.53,3217.37,0.999,1.0001,0.9982,180.17,193.05,176.72,0.882984,0.939546,0.865227,648.7,697.4,637.97
"Dec 22, 2024",97218.32,97360.27,94202.19,3337.00,3398.66,3219.29,0.9997,1.0006,0.9986,181.29,187.53,177.13,0.904687,0.921685,0.863091,663.27,668.83,639.61
"Dec 21, 2024",97756.20,99507.10,96426.52,3472.59,3552.92,3293.51,0.9995,1.0006,0.9991,194.21,201.63,178.74,0.951011,0.99591,0.889876,678.09,692.64,652.61
"Dec 20, 2024",97484.70,98098.91,92175.18,3417.93,3496.33,3098.20,0.9992,1.0007,0.9979,194.28,199.36,175.91,0.885489,0.956713,0.765889,666.57,679.44,619.5
"Dec 19, 2024",100070.69,102748.15,95587.68,3619.58,3717.66,3330.87,0.9995,1.0006,0.9977,206.38,212,188.03,0.968439,0.987184,0.853876,687.62,704.49,651.04
"Dec 18, 2024",106147.30,106470.61,100041.54,3886.89,3902.72,3617.84,1.0001,1.0003,0.9981,222.82,225.89,205,1.051527,1.057945,0.968378,716.72,721.76,686.66
"Dec 17, 2024",106030.69,108268.45,105291.73,3987.33,4040.34,3849.29,1.0002,1.0005,0.9986,216.33,228.69,211.91,1.078846,1.109043,1.045289,720.33,735.76,713.73
"Dec 16, 2024",104293.58,107780.58,103322.98,3951.65,4106.96,3882.71,0.9993,1.0006,0.9985,223.66,227.04,213.48,1.101666,1.115706,1.052016,719.13,730,704.34
"Dec 15, 2024",101373.53,105047.54,101227.03,3868.44,3971.50,3832.10,0.9997,1.0001,0.9992,219.84,225.07,215.91,1.060511,1.107088,1.042632,715.7,723.07,703.18
"Dec 14, 2024",101451.44,102618.88,100634.05,3910.85,3943.28,3826.76,1.0001,1.0003,0.9993,224.84,227.24,215.34,1.119602,1.13113,1.045928,726.25,731.66,705.54
"Dec 13, 2024",100046.65,101888.80,99233.28,3883.03,3967.40,3855.02,1.0001,1.0007,0.9993,227.03,228.27,220.82,1.125006,1.127485,1.081352,705.94,729.63,698.5
"Dec 12, 2024",101167.80,102524.91,99339.95,3833.17,3987.01,3800.09,1.0006,1.0011,0.9991,227.45,234.33,225.95,1.088849,1.17675,1.077265,711.81,725.22,700.11
"Dec 11, 2024",96656.06,101913.36,95747.23,3631.28,3850.77,3567.57,1.0007,1.0014,1,213.84,230.51,211.99,1.020292,1.109284,0.976946,676.98,712.88,660.15
"Dec 10, 2024",97441.23,98270.16,94321.26,3719.00,3780.75,3520.37,1.0005,1.0016,0.9998,217.33,220.74,203.72,1.007547,1.036173,0.914969,689.92,704.56,650.6
"Dec 9, 2024",101237.06,101272.51,94355.91,4006.10,4008.78,3525.23,1.0007,1.0024,0.9982,237.46,237.46,209.71,1.196296,1.196415,0.952205,743.3,743.3,662.24
"Dec 8, 2024",99921.91,101399.99,98771.52,4007.69,4018.00,3927.85,1.0009,1.0012,1.0002,239.49,241.44,233.71,1.214481,1.222152,1.176678,751.73,757.59,729.05
"Dec 7, 2024",99916.71,100563.38,99030.88,4006.03,4029.45,3974.18,1.0015,1.0018,1.0004,237.05,243.12,234.66,1.231081,1.234575,1.193021,732.01,761.09,730.87
"Dec 6, 2024",97074.23,102039.88,96514.88,3792.21,4093.17,3782.68,1.0011,1.0021,0.9996,236.54,246.42,231.43,1.163156,1.234642,1.143022,717.96,746.13,708.44
"Dec 5, 2024",98741.54,103900.47,91998.78,3840.84,3956.54,3683.42,1.0013,1.0026,0.9994,229.12,244.68,223.46,1.187235,1.238354,1.126287,739.25,739.95,695.94
"Dec 4, 2024",95988.53,99207.33,94660.52,3620.04,3895.17,3617.74,1.0009,1.0027,1.0002,234.2,240.72,225.25,1.198083,1.240175,1.149205,737.7,793.35,723.54
"Dec 3, 2024",95854.59,96297.20,93629.56,3643.74,3670.22,3504.23,1.0003,1.0013,0.9994,225.77,239.27,216.47,1.201791,1.318681,1.169829,647.7,744.78,625.97
"Dec 2, 2024",97276.01,98152.60,94482.87,3710.50,3761.34,3557.25,1.0008,1.0015,0.9997,237.07,237.88,220.55,1.155286,1.230685,1.061597,655.93,667.42,629.91
"Dec 1, 2024",96461.34,97888.13,95770.19,3706.62,3747.46,3663.23,1.0007,1.0012,1.0002,237.74,239.81,234.53,1.078936,1.158493,1.040986,654.33,664.29,646.6
"Nov 30, 2024",97468.81,97499.34,96144.22,3593.60,3739.93,3572.25,1.0004,1.0011,1.0002,243.55,245.24,237.72,1.076887,1.147085,1.053841,654.81,676.92,648.89
"Nov 29, 2024",95653.95,98693.17,95407.88,3579.91,3647.26,3538.45,1.0002,1.0015,0.9999,237.76,246.78,236.82,1.033508,1.097796,1.030457,654.36,663.32,649.16
"Nov 28, 2024",95954.95,96650.20,94677.35,3656.61,3664.88,3531.87,1.0009,1.0013,0.9998,242.3,245.2,233.2,1.013348,1.045769,0.977038,644.95,663.02,641.62
"Nov 27, 2024",91978.14,97361.18,91778.66,3326.03,3687.01,3303.57,0.9996,1.0017,0.9993,230.97,243.12,228.13,0.961184,1.036714,0.935438,613.59,646.85,608.62
"Nov 26, 2024",93087.28,94991.75,90770.81,3412.95,3461.29,3255.54,0.9999,1.0014,0.999,234.45,239.64,222.96,0.945684,0.988377,0.879721,636.64,645.29,600.99
"Nov 25, 2024",98033.45,98935.03,92642.91,3364.60,3545.28,3304.09,1.001,1.0014,0.9991,252.92,256.42,231.55,1.023112,1.06992,0.93355,660.32,675.96,627.27
"Nov 24, 2024",97778.09,98647.18,95788.08,3397.00,3451.80,3288.43,1.0009,1.0015,0.9995,255.18,259.63,243.12,1.0662,1.09454,0.948341,651.2,687.34,638.92
"Nov 23, 2024",99006.74,99014.68,97232.89,3331.65,3499.37,3317.65,1.0011,1.0027,0.9999,256.52,263.83,253.19,1.010422,1.141682,1.010417,633.51,679.42,632.25
"Nov 22, 2024",98496.43,99655.50,97222.66,3360.65,3428.46,3262.81,1.0011,1.0016,0.9994,257.08,263.7,252.14,0.820486,1.038425,0.815233,622.83,639.73,617.45
"Nov 21, 2024",94334.64,99014.22,94132.60,3072.06,3388.54,3035.85,1.0007,1.0015,0.999,235.43,259.05,230.34,0.800342,0.820547,0.770386,606.12,629.36,594.55
"Nov 20, 2024",92341.89,94902.02,91619.50,3111.12,3159.95,3032.60,1.0014,1.0018,0.9996,238.09,242.11,230.91,0.739637,0.846629,0.739472,615.99,620.47,600.77
"Nov 19, 2024",90536.81,94002.87,90426.98,3208.25,3222.00,3070.36,1.0006,1.0016,0.9997,239.8,247.09,234.15,0.73458,0.763529,0.723858,619.44,621.58,606.56
"Nov 18, 2024",89843.72,92596.79,89393.59,3075.72,3225.13,3052.49,1.0002,1.0013,0.9997,237.58,248.19,234.4,0.702301,0.779658,0.702262,618.4,629.1,613.06
"Nov 17, 2024",90558.46,91433.04,88741.66,3133.31,3160.15,3039.25,1.0003,1.0007,0.9995,215.85,241.24,212.73,0.738731,0.767812,0.697027,622.37,646.45,606.19
"Nov 16, 2024",91064.37,91763.95,90094.23,3089.74,3218.09,3073.29,1.0003,1.0008,0.9996,218.57,221.66,213.8,0.703398,0.811656,0.703316,618.99,633.49,617.87
"Nov 15, 2024",87284.18,91868.74,87124.90,3059.53,3130.70,3016.14,1,1.0010,0.9992,209.24,219.54,204.83,0.580137,0.689216,0.578542,621.68,628.17,604.23
"Nov 14, 2024",90574.88,91765.22,86682.81,3192.52,3240.27,3032.97,1.0013,1.0015,0.9994,215.18,222.64,207.5,0.578775,0.598058,0.545862,621,659.53,612.53
"Nov 13, 2024",87929.97,93434.35,86256.93,3244.54,3337.88,3121.67,1.001,1.0027,0.9998,212.21,220.34,201.47,0.573943,0.605301,0.521302,627,638.89,600.52
"Nov 12, 2024",88705.56,89956.88,85155.11,3375.15,3444.15,3211.20,1.001,1.0020,0.9992,222.64,225.01,205.45,0.613808,0.649633,0.558212,661.89,666.92,613.62
"Nov 11, 2024",80471.41,89604.50,80283.25,3191.66,3389.53,3109.77,1.0008,1.0024,0.9997,210.61,223.22,204.56,0.590305,0.622249,0.567807,628.3,664.14,614.02
"Nov 10, 2024",76775.55,81474.42,76565.43,3130.73,3249.91,3073.25,1.0005,1.0013,0.999,200.2,215.18,198.98,0.493678,0.652301,0.489937,624.37,643.66,613.57
"Nov 9, 2024",76556.19,76932.77,75773.79,2962.79,3156.37,2957.18,1.0005,1.0008,0.9998,199.94,203.35,195.47,0.443817,0.493895,0.428969,597.95,637.84,597.85
"Nov 8, 2024",75902.84,77252.75,75648.74,2895.60,2983.74,2889.48,1.0007,1.0015,0.9998,196.33,204.97,196.02,0.405013,0.457889,0.404759,598.44,605.92,589.55
"Nov 7, 2024",75637.09,76943.12,74480.42,2724.01,2918.74,2701.59,1.0008,1.0018,0.9997,186.95,197.9,186.14,0.363323,0.405013,0.362033,592,610.32,588.66
"Nov 6, 2024",69358.50,76460.16,69322.03,2422.54,2743.96,2421.81,1,1.0018,0.9989,166.72,189.92,166.7,0.333926,0.365032,0.333921,563.61,594.86,563.28
"Nov 5, 2024",67811.17,70522.79,67458.87,2397.04,2478.62,2380.60,0.9995,1.0010,0.9991,157.75,169.13,156.99,0.326027,0.337894,0.326013,552.07,571.97,551.25
"Nov 4, 2024",68742.13,69433.18,66803.65,2456.10,2488.35,2359.58,0.9996,1.0006,0.9989,162.55,164.71,155.17,0.334285,0.336085,0.321399,557.64,564.2,543.91
"Nov 3, 2024",69296.38,69361.66,67482.52,2491.09,2495.44,2411.40,0.9997,1.0007,0.9993,166.01,166.38,158.14,0.347764,0.347911,0.329236,568.04,569.05,547.82
"Nov 2, 2024",69486.02,69867.35,69033.72,2512.21,2522.36,2471.96,0.9995,1.0005,0.9993,166.26,168.46,162.39,0.357093,0.362871,0.346304,572.76,576.42,562.95
"Nov 1, 2024",70216.90,71559.02,68779.70,2515.87,2583.78,2467.82,0.9987,1.0006,0.9982,168.43,173.85,164.03,0.341846,0.361007,0.335418,576.03,584.8,568.16
"Oct 31, 2024",72335.05,72662.31,69590.50,2657.21,2667.56,2501.57,0.9996,1.0006,0.9982,174.93,176.28,167.58,0.355265,0.360552,0.341094,595.73,596.07,571.43
"Oct 30, 2024",72715.37,72905.30,71411.73,2637.64,2720.27,2600.61,0.9997,1.0008,0.9985,179.36,181.15,173.4,0.355655,0.363026,0.351304,605.67,606.07,594.45
"Oct 29, 2024",69910.05,73577.21,69729.91,2565.42,2680.05,2560.15,0.9993,1.0003,0.9988,178.1,183.04,176.86,0.343794,0.356191,0.343246,600.6,611.78,599.95
"Oct 28, 2024",67922.67,70212.27,67535.13,2505.59,2587.43,2470.27,0.9987,1.0003,0.9983,176.55,179.41,172.87,0.339872,0.346958,0.33123,588.72,603.72,585.12
"Oct 27, 2024",67023.48,68221.31,66847.23,2479.94,2523.17,2462.27,0.9989,0.9996,0.9983,170.71,177.9,170.19,0.333351,0.34138,0.331356,582.81,590.12,581.26
"Oct 26, 2024",66628.73,67317.92,66360.59,2436.05,2503.23,2427.46,0.998,1.0000,0.9978,164.76,172.82,162.44,0.324414,0.333894,0.321568,574.25,586.17,571.33
"Oct 25, 2024",68165.30,68722.16,65521.79,2534.45,2563.73,2381.45,0.9995,1.0002,0.9969,177.16,177.19,160.04,0.346322,0.346492,0.320475,594.15,596.95,567.06
"Oct 24, 2024",66653.70,68798.96,66454.10,2523.61,2559.15,2506.72,0.999,1.0000,0.9985,171.11,179,170.52,0.349905,0.354364,0.340196,584.65,597.53,583.03
"Oct 23, 2024",67362.38,67402.74,65188.04,2620.09,2624.45,2457.17,0.9994,1.0002,0.9984,167.26,173.82,164.19,0.36382,0.368221,0.343327,593.36,593.81,573.09
"Oct 22, 2024",67360.70,67801.58,66581.37,2665.66,2669.79,2605.62,0.9997,1.0005,0.999,166.22,170.76,163.29,0.360958,0.367268,0.355866,598.82,599.52,587.2
"Oct 21, 2024",69002.00,69462.73,66829.85,2746.31,2765.55,2655.29,0.9997,1.0005,0.999,166.94,171.43,161.81,0.364842,0.371905,0.353499,605.52,610.92,591.7
"Oct 20, 2024",68364.18,69359.01,68105.72,2648.67,2756.44,2635.95,1,1.0003,0.9993,159.64,167.59,157.77,0.35166,0.365148,0.348623,597.97,606.32,593.74
"Oct 19, 2024",68418.98,68668.01,68024.64,2641.49,2661.87,2631.66,0.9999,1.0002,0.9992,154.98,159.71,153.91,0.350709,0.356633,0.349649,599.36,601,595.73
"Oct 18, 2024",67419.11,68969.75,67177.82,2604.81,2674.37,2595.96,0.9997,1.0006,0.9991,150.32,156.54,149.7,0.343027,0.352515,0.34291,592.04,602.17,591.7
"Oct 17, 2024",67617.08,67912.21,66647.39,2611.19,2646.87,2577.31,0.9998,1.0008,0.9992,154.24,155.55,147.94,0.352527,0.354558,0.340342,600.82,605.83,585.72
"Oct 16, 2024",67042.46,68375.29,66758.73,2606.02,2644.85,2589.61,0.9998,1.0008,0.9994,154.72,158.14,153.08,0.358527,0.360392,0.351416,594.19,605.1,589.93
"Oct 15, 2024",66050.37,67881.68,64809.20,2629.02,2685.17,2537.94,0.9995,1.0011,0.9992,157.45,158.72,150.91,0.36389,0.369449,0.349057,588.9,598.89,578.49
"Oct 14, 2024",62848.40,66482.49,62442.15,2467.65,2652.88,2443.55,0.9995,1.0006,0.9981,147.57,157.75,147.01,0.348035,0.364846,0.342888,571.82,591.41,569.97
"Oct 13, 2024",63192.95,63272.65,62035.64,2476.52,2484.13,2436.97,0.9998,1.0008,0.9993,146.5,148.71,144.62,0.353215,0.358854,0.344653,576.45,578.06,565.13
"Oct 12, 2024",62444.62,63448.79,62443.27,2436.52,2488.24,2434.20,0.9997,1.0011,0.9994,145.38,147.14,144.76,0.351184,0.356131,0.351184,572.86,578.71,572.86
"Oct 11, 2024",60275.46,63400.87,60046.13,2383.94,2470.40,2380.50,0.9992,1.0008,0.9988,138.89,146.43,138.76,0.338894,0.354589,0.338572,562.73,577.13,560.07
"Oct 10, 2024",60581.93,61236.72,58895.21,2368.27,2417.29,2329.78,0.9991,1.0003,0.9985,139.31,140.58,135.58,0.339694,0.341166,0.332074,570.28,572.06,551.78
"Oct 9, 2024",62131.73,62508.84,60314.61,2439.84,2470.91,2350.95,0.9994,1.0008,0.9988,143.4,145.13,138.8,0.344517,0.347523,0.334501,580.4,585.07,567.14
"Oct 8, 2024",62221.64,63174.30,61843.56,2421.98,2464.13,2400.51,0.9998,1.0008,0.9991,143.99,145.45,141.24,0.351467,0.356542,0.341621,564.15,585.97,560.29
"Oct 7, 2024",62819.11,64443.71,62152.55,2439.94,2520.41,2405.13,0.9998,1.0011,0.9994,146.44,152.1,143.6,0.35723,0.367677,0.351054,570.54,580.98,564.12
"Oct 6, 2024",62084.99,62959.57,61833.15,2415.53,2456.63,2407.10,1,1.0012,0.9995,142.71,146.62,142.11,0.35072,0.358203,0.348353,563.21,571.43,561.59
"Oct 5, 2024",62067.61,62371.02,61689.58,2414.85,2427.52,2390.84,1.0001,1.0010,0.9996,143.17,144.83,141.17,0.351398,0.355478,0.345982,555.38,564.82,552.34
"Oct 4, 2024",60754.63,62465.99,60459.94,2349.73,2440.24,2339.87,0.9999,1.0012,0.9995,136.79,144.43,136.08,0.345237,0.355605,0.343381,544.42,557.41,542.28
"Oct 3, 2024",60632.48,61469.04,59878.80,2365.21,2402.86,2311.03,0.9997,1.0015,0.9995,140.38,142.81,133.55,0.343988,0.349249,0.333255,542.71,550.51,535.38
"Oct 2, 2024",60836.32,62357.69,59996.95,2448.88,2498.12,2354.54,0.9998,1.0015,0.9995,145.29,148.83,138.92,0.352442,0.362121,0.336627,548,558,536.15
"Oct 1, 2024",63335.61,64110.98,60189.28,2603.26,2657.62,2415.08,0.9998,1.0018,0.9991,152.62,157.26,142.84,0.373214,0.385675,0.347331,567.26,582.43,538.48
"Sep 30, 2024",65634.66,65635.05,62873.62,2659.29,2662.49,2576.98,1.0001,1.0014,0.9995,158.63,159.51,152.02,0.3976,0.397621,0.371829,596.41,596.44,564.65
"Sep 29, 2024",65888.90,66069.34,65450.02,2677.63,2683.45,2635.58,1.0002,1.0019,0.9999,156.91,161.62,155.24,0.401051,0.40395,0.393626,601.57,602.66,593.05
"Sep 28, 2024",65792.18,66255.53,65458.04,2695.82,2704.93,2652.25,1.0002,1.0012,0.9999,157.75,159.35,155.3,0.402324,0.405639,0.39358,607.87,617.33,595.21
"Sep 27, 2024",65180.66,66480.70,64852.99,2632.24,2728.07,2616.95,1.0002,1.0018,0.9998,155.58,160.98,154.13,0.401881,0.414669,0.400441,596.78,614.47,596.5
"Sep 26, 2024",63138.55,65790.80,62669.27,2579.22,2665.99,2559.95,0.9998,1.0015,0.9996,148.02,157.86,146.87,0.381083,0.403323,0.378772,587.35,608.85,581.23
"Sep 25, 2024",64302.59,64804.50,62945.38,2654.36,2672.46,2557.72,1,1.0013,0.9996,152.89,153.55,147.45,0.387732,0.392982,0.379394,606.52,607.76,584.86
"Sep 24, 2024",63326.84,64695.21,62737.42,2648.48,2671.28,2593.15,1,1.0014,0.9997,144.81,153.54,143.3,0.363735,0.391218,0.358972,604.37,612.61,600.27
"Sep 23, 2024",63643.10,64733.56,62628.08,2582.77,2701.68,2541.91,1.0001,1.0014,0.9997,144.8,148.97,142.64,0.351772,0.36522,0.347138,588.09,615.72,585.51
"Sep 22, 2024",63396.80,63993.42,62440.73,2615.85,2632.04,2528.52,1.0004,1.0015,0.9998,149.53,149.87,141.38,0.358594,0.359063,0.343733,589.04,593.95,577.45
"Sep 21, 2024",63184.34,63543.36,62783.11,2560.88,2621.62,2530.84,1.0001,1.0011,0.9999,146.57,149.84,144.8,0.352113,0.359556,0.351078,568.58,590.03,566.81
"Sep 20, 2024",62941.43,64119.53,62364.61,2464.78,2571.99,2439.38,1.0002,1.0013,0.9997,142.84,151.76,141.32,0.350946,0.360931,0.34952,566.22,576.91,559.64
"Sep 19, 2024",61651.16,63872.44,61609.87,2369.37,2492.20,2369.37,1.0001,1.0019,0.9997,133.99,143.9,133.99,0.342939,0.356167,0.342939,559.04,571.72,553.51
"Sep 18, 2024",60309.00,61664.07,59218.25,2341.73,2369.73,2278.66,1.0001,1.0020,0.9997,131.54,133.99,127.25,0.333913,0.342936,0.328085,546.01,559.04,537.51
"Sep 17, 2024",58192.51,61316.09,57628.07,2295.28,2392.15,2263.79,0.9999,1.0016,0.9996,131.47,135.49,130.48,0.330305,0.342838,0.328897,533.81,552.5,529.42
"Sep 16, 2024",59185.23,59205.51,57501.34,2320.89,2334.79,2253.72,1.0001,1.0017,0.9995,131.5,132.3,129.14,0.338524,0.338546,0.326967,553.97,554.7,527.44
"Sep 15, 2024",60000.73,60381.92,58696.31,2418.27,2430.38,2286.63,1.0002,1.0011,0.9998,137.18,137.92,130.97,0.35448,0.355997,0.335722,553.57,561.58,552.36
"Sep 14, 2024",60569.12,60656.72,59517.88,2441.58,2442.63,2386.98,1.0007,1.0022,1,139.1,139.73,135.94,0.3609,0.361754,0.352568,557.02,559.39,548.87
"Sep 13, 2024",58130.32,60648.02,57650.11,2361.74,2462.80,2338.14,1,1.0017,0.9996,136.14,139.83,131.86,0.356293,0.364548,0.350782,544.3,559.51,539.06
"Sep 12, 2024",57343.17,58534.36,57330.10,2339.84,2390.19,2316.16,1.0001,1.0015,0.9994,132.5,136.61,132.44,0.353054,0.360463,0.35278,530.19,547.79,530.15
"Sep 11, 2024",57650.29,57991.32,55567.34,2389.60,2389.72,2279.05,1,1.0016,0.9993,135.63,135.8,128.43,0.343477,0.356425,0.330506,517.48,534.51,507.24
"Sep 10, 2024",57020.10,58029.98,56419.41,2358.50,2398.50,2323.07,1.0002,1.0013,0.9996,135.03,137.81,132.63,0.343406,0.345437,0.337873,518.55,523.91,514.02
"Sep 9, 2024",54851.89,58041.13,54598.43,2297.90,2379.79,2274.12,1.0001,1.0017,0.9996,129.99,136.19,127.22,0.338654,0.348382,0.338514,503,524.61,501.98
"Sep 8, 2024",54147.93,55300.86,53653.76,2274.44,2332.36,2243.91,0.9999,1.0013,0.9996,127.72,131.52,126.81,0.325071,0.340581,0.324164,493.23,506.43,491.03
"Sep 7, 2024",53949.09,54838.14,53740.07,2223.93,2310.19,2222.10,0.9998,1.0015,0.9995,124.99,129.29,124.27,0.314719,0.32762,0.314713,486.9,499.11,483.26
"Sep 6, 2024",56160.19,56976.11,52598.70,2367.70,2406.51,2150.86,0.9997,1.0013,0.9986,129.33,134.17,121.06,0.325062,0.331321,0.305104,502.07,508.82,473.17
"Sep 5, 2024",57971.70,58300.58,55712.45,2448.99,2465.39,2348.86,1,1.0015,0.9993,133.6,135.09,128.14,0.323524,0.339151,0.320173,507.82,512.63,497.35
"Sep 4, 2024",57430.35,58511.57,55673.16,2420.19,2488.92,2313.27,0.9997,1.0015,0.9995,127.58,134.87,123.61,0.318544,0.329102,0.308293,518.64,523.47,496.44
"Sep 3, 2024",59106.19,59815.06,57425.17,2538.16,2552.80,2419.88,0.9999,1.0010,0.9994,135,137.14,127.57,0.335966,0.339409,0.318551,526.44,537.96,518.67
"Sep 2, 2024",57326.97,59403.07,57136.03,2427.97,2563.09,2426.10,1,1.0017,0.9996,128.69,135.35,127.27,0.33174,0.336962,0.325705,512.6,529.02,502.17
"Sep 1, 2024",58969.80,59062.07,57217.82,2513.42,2515.47,2401.89,0.9999,1.0017,0.9992,135.37,136,128.24,0.345351,0.345634,0.328862,532.9,532.98,508.72
"Aug 31, 2024",59117.48,59432.59,58768.79,2525.86,2532.39,2493.71,1,1.0011,0.9996,138.1,138.99,134.64,0.347154,0.350115,0.345037,535.32,541.17,531.63
"Aug 30, 2024",59388.60,59896.89,57768.53,2528.73,2539.92,2432.83,1.0001,1.0019,0.9994,140.05,141.01,132.45,0.357049,0.36158,0.338823,536.63,542.81,523.06
"Aug 29, 2024",59027.47,61184.08,58786.23,2528.36,2595.98,2507.50,1.0002,1.0024,0.9998,143.89,147.22,138.27,0.350191,0.367355,0.349872,536.82,545.46,532.3
"Aug 28, 2024",59507.93,60236.45,57890.68,2458.90,2553.82,2422.29,1.0003,1.0019,0.9993,146.9,148.69,140.97,0.350511,0.360189,0.34203,533.98,546.11,523.77
"Aug 27, 2024",62879.71,63210.80,58116.75,2681.62,2700.15,2401.18,1.0002,1.0021,0.9994,157.24,159.62,145.66,0.366952,0.372491,0.346269,548.83,558.21,523.44
"Aug 26, 2024",64342.23,64489.71,62849.56,2749.25,2763.00,2668.89,1.0005,1.0019,1,158.91,161.91,155.88,0.384976,0.387676,0.366955,574.25,575.98,547.23
"Aug 25, 2024",64176.37,64996.42,63833.52,2769.10,2793.01,2736.09,1.0004,1.0016,1.0001,160.73,161.95,155.51,0.39401,0.394026,0.378712,580.76,583.94,569.9
"Aug 24, 2024",64103.87,64513.79,63619.92,2765.48,2820.02,2737.78,1.0008,1.0017,1.0001,153.11,162.17,152.15,0.391526,0.401177,0.388484,591.81,592.77,575.84
"Aug 23, 2024",60380.95,64947.06,60372.05,2622.92,2799.33,2622.58,1.0002,1.0019,0.9997,143.26,153.77,143.16,0.376538,0.392283,0.374217,583.05,597.54,575.77
"Aug 22, 2024",61168.32,61408.11,59815.25,2630.86,2644.82,2587.11,1.0002,1.0015,0.9999,142.71,144.81,140.93,0.36906,0.377194,0.364739,570.02,589.42,561.22
"Aug 21, 2024",59014.99,61834.35,58823.45,2573.11,2662.95,2538.66,1.0001,1.0017,0.9994,142.33,144.16,139.27,0.343685,0.377266,0.343478,569.27,575.09,547.61
"Aug 20, 2024",59493.45,61396.33,58610.88,2637.31,2695.91,2556.75,1.0005,1.0016,0.9999,144.35,148.65,141.36,0.336784,0.348154,0.336232,559.82,574.56,559.11
"Aug 19, 2024",58480.71,59612.66,57864.71,2612.72,2648.28,2566.40,1.0004,1.0018,0.9998,142.59,145.92,140.75,0.334831,0.337545,0.328842,531.61,560.66,529.61
"Aug 18, 2024",59468.13,60262.72,58445.40,2614.11,2684.03,2596.74,1,1.0015,0.9999,141.8,146.96,140.96,0.336887,0.339598,0.333796,542.23,542.4,531.24
"Aug 17, 2024",58893.53,59694.67,58814.83,2593.17,2626.67,2588.79,1.0003,1.0014,0.9999,139.33,141.96,137.87,0.330472,0.338604,0.328515,519.97,547.16,518.94
"Aug 16, 2024",57560.27,59847.36,57110.02,2570.09,2629.38,2553.07,1.0002,1.0015,0.9996,142.74,144.8,136.38,0.325353,0.344953,0.321019,519.87,524.37,511.04
"Aug 15, 2024",58733.26,59838.65,56161.59,2662.89,2675.31,2518.67,1.0003,1.0015,0.9996,143.92,147.35,138.16,0.335456,0.341368,0.321484,524.02,533.64,511.61
"Aug 14, 2024",60611.05,61687.76,58472.88,2703.59,2775.28,2636.71,1.0003,1.0019,0.9998,146.71,151.73,142.72,0.340146,0.345194,0.332437,524.13,531.51,516.51
"Aug 13, 2024",59356.21,61572.40,58506.25,2724.30,2737.99,2613.80,1.0003,1.0019,0.9996,146.45,149.61,143.15,0.338977,0.344656,0.33189,518.54,525.69,514.55
"Aug 12, 2024",58719.39,60680.33,57688.90,2553.50,2749.14,2513.39,1,1.0018,0.9998,141.53,150.81,141.44,0.328319,0.343978,0.328052,503.8,523.54,500.23
"Aug 11, 2024",60944.89,61778.66,58348.82,2609.97,2718.80,2544.17,1.0002,1.0018,0.9998,153.96,157.93,141.35,0.346292,0.356275,0.328037,523.32,535.54,503.23
"Aug 10, 2024",60881.23,61464.51,60287.57,2599.58,2642.93,2580.66,1.0006,1.0019,1,156.46,158.59,152.87,0.348547,0.351765,0.345273,509.18,524.96,507.85
"Aug 9, 2024",61728.21,61751.86,59587.86,2683.72,2706.45,2555.23,1.0005,1.0017,0.9996,162.93,163.25,151.23,0.351814,0.35387,0.337508,517.34,517.72,500.18
"Aug 8, 2024",55030.03,62673.77,54766.73,2336.92,2721.95,2322.53,1.0001,1.0019,0.9986,144.63,163.03,142.02,0.323701,0.353063,0.320317,474.2,521.04,469.19
"Aug 7, 2024",56040.63,57726.88,54620.51,2458.99,2551.56,2312.17,1.0004,1.0022,0.9998,144.09,155.01,142.75,0.330782,0.340582,0.317071,484.32,497.62,469
"Aug 6, 2024",53991.35,57059.92,53973.27,2417.27,2553.58,2416.53,1.0004,1.0024,0.9998,129.86,149.35,129.79,0.313156,0.33614,0.312515,464.63,492.9,464.29
"Aug 5, 2024",58110.30,58268.83,49121.24,2686.03,2695.89,2122.55,0.9996,1.0025,0.9987,138.05,139.14,110.61,0.343938,0.345469,0.279886,497.04,499.39,407.52
"Aug 4, 2024",60676.09,61062.99,57210.80,2903.09,2931.47,2639.57,0.9996,1.0011,0.9989,142.92,145.84,132.14,0.364106,0.366993,0.335569,529.48,531.62,488.25
"Aug 3, 2024",61414.81,62148.37,59836.53,2985.95,3015.30,2861.18,0.9987,1.0010,0.9983,152.64,153.78,140.22,0.363822,0.372484,0.35035,542.92,544.67,522.2
"Aug 2, 2024",65353.50,65523.22,61184.89,3201.60,3214.53,2965.73,0.9991,1.0010,0.9986,167.66,169.04,150.08,0.392706,0.394263,0.360289,575.15,577,540.12
"Aug 1, 2024",64625.84,65593.24,62248.94,3231.25,3241.78,3078.54,0.9997,1.0011,0.9987,171.83,172.69,157.99,0.388774,0.395075,0.369996,576.37,577.29,553.75
"Jul 31, 2024",66201.27,66810.21,64532.05,3278.69,3347.64,3216.07,0.9998,1.0012,0.9993,179.11,184.18,171.82,0.401677,0.407401,0.38796,587.67,592.52,575.25
"Jul 30, 2024",66819.05,66987.67,65323.19,3320.64,3365.32,3235.76,0.9998,1.0013,0.9994,182.77,184.18,176.02,0.404008,0.406977,0.396082,574.64,587.67,567.99
"Jul 29, 2024",68259.05,69987.54,66532.59,3271.45,3396.63,3257.72,0.9999,1.0013,0.9995,184.89,193.73,181.89,0.407387,0.426437,0.403783,584.1,596.65,573.99
"Jul 28, 2024",67808.66,68301.85,67085.83,3247.51,3283.15,3201.76,1,1.0011,0.9998,184.09,186.51,181.4,0.418195,0.420287,0.4056,581.59,584.69,575.04
"Jul 27, 2024",67911.81,69398.51,66705.22,3275.89,3327.43,3195.36,1.0002,1.0020,0.9996,183.14,188.14,178.6,0.417746,0.428685,0.414101,581.08,592.85,574.89
"Jul 26, 2024",65771.81,68207.60,65743.77,3174.05,3285.76,3172.78,0.9997,1.0011,0.9995,171.96,183.54,171.88,0.394672,0.419572,0.394586,570.71,582.77,570.45
"Jul 25, 2024",65375.88,66112.42,63473.47,3336.36,3341.44,3088.76,0.9999,1.0018,0.9994,178.03,179.52,165.93,0.406847,0.407874,0.382825,574.58,575.84,554.76
"Jul 24, 2024",65927.86,67113.98,65147.00,3482.15,3487.65,3304.04,1.0002,1.0014,0.9997,172.76,182.36,171.21,0.410089,0.420873,0.404686,582.1,588.87,570.95
"Jul 23, 2024",67584.80,67779.02,65484.46,3440.77,3539.53,3395.42,1.0004,1.0016,0.9996,178.98,180.5,170.99,0.426547,0.429299,0.404625,587.92,593.11,578.29
"Jul 22, 2024",68152.98,68480.06,66611.30,3536.63,3560.08,3425.80,1.0002,1.0013,0.9998,184.55,184.79,177.04,0.446057,0.449401,0.425344,601.85,605.19,587.77
"Jul 21, 2024",67164.91,68372.91,65842.30,3519.43,3546.62,3415.44,1.0005,1.0017,1,173.89,184.87,171.12,0.437637,0.448473,0.418958,593.57,603.66,583.54
"Jul 20, 2024",66709.92,67610.73,66299.62,3505.72,3539.90,3482.49,1.0005,1.0015,1.0002,169.18,174.83,167.56,0.439033,0.441672,0.428813,593.71,598.3,587.28
"Jul 19, 2024",63972.32,67442.64,63329.34,3425.91,3540.59,3377.88,0.9998,1.0016,0.9996,159.09,171.51,156.61,0.423898,0.442765,0.415931,571.93,598.05,565.97
"Jul 18, 2024",64104.74,65104.66,63246.16,3388.03,3488.72,3374.99,1.0003,1.0015,0.9997,155.59,161.59,155.57,0.43669,0.448664,0.420814,568.97,579.34,562.93
"Jul 17, 2024",65091.83,66066.73,63896.09,3446.74,3516.10,3379.10,1.0007,1.0014,1,160.56,163.6,155.07,0.438226,0.455223,0.436724,576.56,584.01,565.42
"Jul 16, 2024",64784.42,65354.34,62487.97,3486.14,3498.22,3351.78,1.0006,1.0013,1.0002,159.77,162.47,153.05,0.445492,0.452194,0.427386,586.01,587.4,556.67
"Jul 15, 2024",60815.46,64870.15,60704.93,3246.13,3494.10,3235.78,1.0004,1.0017,1.0002,147.67,159.94,147.2,0.432369,0.445582,0.432166,544.92,586.54,544.7
"Jul 14, 2024",59225.25,61329.53,59225.25,3176.74,3266.49,3166.43,1.0002,1.0013,1.0001,141.93,148.55,141.93,0.441437,0.444495,0.426165,532.38,547.36,532.11
"Jul 13, 2024",57908.74,59787.08,57796.44,3134.55,3199.99,3115.08,1.0003,1.0012,1,139.53,143.37,138.18,0.416527,0.44518,0.412321,533.76,539.2,527.76
"Jul 12, 2024",57341.20,58532.55,56590.18,3099.99,3154.60,3048.51,1.0001,1.0011,0.9998,135.86,140.42,134.16,0.395836,0.417659,0.394259,525.12,537.32,517.99
"Jul 11, 2024",57729.89,59299.43,57120.38,3101.34,3208.94,3057.22,0.9999,1.0016,0.9997,141.98,145.32,135.85,0.388803,0.404131,0.385638,524.58,540.08,521.04
"Jul 10, 2024",58033.88,59359.43,57178.41,3066.14,3148.41,3026.61,1.0002,1.0016,0.9997,141.37,145.85,138.86,0.375371,0.389623,0.372513,516.63,529.19,511.84
"Jul 9, 2024",56704.60,58239.20,56316.88,3018.80,3105.80,3005.52,0.9998,1.0011,0.9996,139.54,143.93,136.74,0.368965,0.380543,0.363778,510.54,520.65,507.27
"Jul 8, 2024",55849.57,58131.34,54321.02,2929.86,3090.66,2826.48,0.9998,1.0019,0.9994,131.8,141.63,128.56,0.346645,0.378875,0.333343,490.71,523.16,472.16
"Jul 7, 2024",58239.43,58371.12,55793.32,3067.41,3072.81,2923.96,1.0002,1.0009,0.9996,143.19,143.19,131.77,0.371184,0.371184,0.345893,527.44,527.44,488.96
"Jul 6, 2024",56659.07,58472.55,56038.96,2981.99,3080.11,2957.40,1.0001,1.0012,0.9998,134.36,144.01,132.61,0.349908,0.372936,0.348542,497.97,530.45,496.66
"Jul 5, 2024",57022.81,57497.15,53717.38,3057.83,3106.15,2826.01,0.9998,1.0010,0.9994,127.61,135.85,122.44,0.362713,0.362713,0.320955,513.61,515.22,456.92
"Jul 4, 2024",60147.14,60399.68,56777.80,3291.82,3309.20,3054.52,0.9989,1.0001,0.9987,140.72,142.51,127.55,0.406721,0.412632,0.362859,556.49,556.89,512.42
"Jul 3, 2024",62034.33,62187.70,59419.39,3416.25,3426.33,3254.52,0.9985,0.9998,0.9983,153.71,154.2,139.52,0.417784,0.42191,0.401298,579.01,579.94,550.42
"Jul 2, 2024",62844.41,63203.36,61752.75,3439.38,3459.76,3399.03,0.999,0.9995,0.9982,146.59,154.71,146.12,0.402877,0.418783,0.40285,576.6,581.03,573.83
"Jul 1, 2024",62673.61,63777.23,62495.51,3432.61,3513.31,3425.32,0.9984,0.9999,0.9983,146.48,148.8,145.82,0.392135,0.407562,0.391472,581.67,587.28,576.14
"Jun 30, 2024",60888.45,62892.83,60632.95,3373.08,3453.21,3352.28,0.9984,0.9996,0.9972,140.01,147.2,137.14,0.383968,0.393233,0.379194,569.17,584.08,567.79
"Jun 29, 2024",60319.88,61097.62,60300.96,3373.69,3401.73,3369.55,0.9981,0.9991,0.9979,139.72,142.82,139.67,0.385415,0.402024,0.383795,566.49,572.94,566.07
"Jun 28, 2024",61612.80,62126.10,59985.40,3445.50,3482.96,3363.44,0.9986,0.9997,0.9978,149.45,150.05,139.31,0.390709,0.395171,0.385192,580.87,584.35,565.01
"Jun 27, 2024",60811.23,62293.86,60585.33,3368.89,3470.92,3362.26,0.9994,0.9999,0.9984,136.61,150.77,135.24,0.384751,0.393204,0.378069,572.36,583.73,566.43
"Jun 26, 2024",61789.68,62434.14,60695.19,3394.37,3421.51,3328.39,0.9997,1.0005,0.9992,136.55,140.17,134.93,0.391861,0.394534,0.383733,578.11,584.2,567.88
"Jun 25, 2024",60266.28,62258.26,60239.75,3350.56,3422.21,3335.56,0.9994,1.0004,0.9992,132.27,139.73,131.3,0.377755,0.396734,0.377367,567.65,579.1,566.9
"Jun 24, 2024",63173.35,63292.53,58601.70,3418.78,3430.70,3244.24,0.9994,1.0005,0.9988,128.6,132.31,123.67,0.380225,0.3809,0.366663,577.22,581.24,552.94
"Jun 23, 2024",64248.96,64491.70,63180.80,3494.95,3519.32,3408.58,0.9996,1.0003,0.9991,133.66,135.01,128.27,0.384794,0.392295,0.380303,590.67,592.77,576.06
"Jun 22, 2024",64113.86,64475.47,63929.76,3516.55,3519.50,3477.17,0.9995,1.0002,0.9992,134.57,136.46,133.14,0.376051,0.389592,0.371937,585.9,590.94,581.14
"Jun 21, 2024",64837.99,65007.55,63378.89,3511.27,3542.96,3447.94,0.9994,1.0003,0.999,133.47,135.23,128.92,0.384248,0.390342,0.374608,587.11,588.71,578.02
"Jun 20, 2024",64960.30,66438.96,64547.85,3559.35,3623.89,3485.46,0.9998,1.0005,0.999,135.61,141.08,132.09,0.383791,0.39679,0.379014,598.77,607.4,584.76
"Jun 19, 2024",65146.66,65695.35,64693.30,3482.35,3583.32,3466.48,0.9996,1.0005,0.9993,137.48,141.67,134.73,0.383565,0.397249,0.380962,588.58,605.73,587.01
"Jun 18, 2024",66490.98,66556.70,64066.96,3510.57,3514.18,3371.59,0.9997,1.0013,0.9993,143.31,143.61,130.29,0.401726,0.402216,0.366577,604.33,604.65,575.76
"Jun 17, 2024",66636.52,67188.32,65094.96,3622.38,3634.29,3468.15,0.9993,1.0002,0.999,151.14,151.58,140.14,0.416388,0.419987,0.393655,610.07,611.94,592.43
"Jun 16, 2024",66189.36,66894.84,66018.25,3566.76,3648.09,3541.53,0.9994,1.0001,0.999,145.42,151.13,143.18,0.413724,0.418128,0.410105,607.81,611.2,601.48
"Jun 15, 2024",66006.74,66402.19,65871.77,3479.79,3589.89,3473.45,0.9995,1.0000,0.9992,143.07,145.54,143.02,0.411686,0.415051,0.408905,603.11,609.05,601.59
"Jun 14, 2024",66747.57,67294.65,65056.89,3467.97,3528.60,3366.22,0.9997,1.0002,0.999,147.28,148.79,140.12,0.421178,0.424121,0.40341,599.48,611.63,590.5
"Jun 13, 2024",68243.10,68365.78,66304.56,3559.73,3559.73,3431.33,0.9998,1.0004,0.9994,155.19,155.19,146.17,0.437818,0.438643,0.419753,619.23,619.3,596.31
"Jun 12, 2024",67321.38,69977.89,66902.45,3497.90,3652.49,3463.78,0.9999,1.0004,0.9995,149.42,161.51,145.82,0.421901,0.443805,0.415993,602.6,634.68,592.29
"Jun 11, 2024",69508.08,69549.41,66123.60,3666.36,3669.89,3434.75,0.9995,1.0004,0.9989,158.93,159.52,145.87,0.440465,0.440938,0.414531,624.4,628.26,597.04
"Jun 10, 2024",69644.31,70146.07,69232.42,3705.88,3711.43,3648.16,0.9999,1.0001,0.9995,162.08,162.83,157.77,0.444101,0.450088,0.436027,673.34,674.31,615.77
"Jun 9, 2024",69297.49,69817.52,69160.84,3680.94,3719.37,3668.12,0.9998,1.0002,0.9997,157.96,162.92,156.77,0.436556,0.445719,0.433257,682.66,684.76,670.81
"Jun 8, 2024",69324.18,69533.32,69210.74,3677.40,3707.50,3669.64,0.9995,1.0002,0.9994,162.5,163.62,157.54,0.449639,0.449639,0.433454,683.37,694.31,678.65
"Jun 7, 2024",70759.19,71907.85,68507.26,3811.67,3838.45,3615.28,0.9996,1.0005,0.9988,170.02,172.44,155.8,0.4581,0.488436,0.434423,710.46,710.84,665.18
"Jun 6, 2024",71082.84,71625.73,70119.13,3864.26,3878.05,3761.78,1.0001,1.0007,0.9993,173.48,174.3,167.86,0.461175,0.461865,0.452339,698.89,720.67,692.99
"Jun 5, 2024",70568.35,71735.41,70390.71,3812.56,3887.49,3778.66,1.0002,1.0006,0.9995,171.8,175.48,171.38,0.461485,0.464712,0.457757,686.2,712.59,685.78
"Jun 4, 2024",68804.57,71047.41,68564.64,3766.48,3831.36,3738.13,0.9998,1.0008,0.9995,164.93,171.82,164.52,0.457038,0.46518,0.453111,626.43,687.4,625.26
"Jun 3, 2024",67753.90,70230.82,67589.84,3780.85,3848.60,3758.92,0.9994,1.0007,0.999,163.25,167.04,161.85,0.446495,0.462357,0.444445,603.05,637.25,601.18
"Jun 2, 2024",67710.27,68409.16,67315.52,3813.28,3834.91,3752.41,0.9993,1.0001,0.999,166.03,166.92,161.65,0.449976,0.453255,0.442422,601.3,604.98,596.16
"Jun 1, 2024",67489.61,67839.77,67386.20,3759.88,3829.29,3749.84,0.999,0.9998,0.9988,165.64,167.74,165.59,0.447461,0.452584,0.445254,593.52,607.58,592.68
"May 31, 2024",68362.52,68999.56,66633.42,3746.86,3843.86,3723.84,0.9997,1.0008,0.9984,166.98,170.63,163.93,0.446581,0.454957,0.444461,595.03,598.42,589.77
"May 30, 2024",67576.09,69500.54,67118.08,3763.36,3823.64,3702.26,0.9987,1.0009,0.9986,168.07,172.42,163.68,0.450995,0.454546,0.443807,594.97,601.67,586.56
"May 29, 2024",68296.35,68852.46,67101.49,3840.24,3880.65,3742.04,0.9989,1.0003,0.9986,168.65,173.64,167.32,0.45699,0.463107,0.450914,601.21,602.93,592.97
"May 28, 2024",69392.20,69514.64,67227.16,3892.10,3924.90,3771.21,0.9992,1.0004,0.9985,170,173.02,164.97,0.467963,0.468437,0.453115,603.53,604.99,593.72
"May 27, 2024",68512.18,70597.88,68232.50,3826.13,3973.56,3821.93,0.9995,1.0005,0.9988,163.35,171.99,163.34,0.458375,0.473999,0.457198,599.83,613.39,599.7
"May 26, 2024",69264.29,69506.23,68183.89,3749.18,3879.47,3732.02,0.9999,1.0008,0.9992,168.44,168.44,161.26,0.462072,0.462364,0.45643,602.19,604.83,598.7
"May 25, 2024",68526.92,69579.32,68515.82,3726.98,3776.01,3710.53,0.9998,1.0008,0.9995,167.8,170.36,166.11,0.459498,0.464271,0.458134,600.23,606.37,599.61
"May 24, 2024",67928.13,69220.30,66622.67,3776.99,3825.12,3631.99,0.9996,1.0008,0.9989,175.99,176.03,162.87,0.46533,0.468916,0.455533,598.67,604.31,588.89
"May 23, 2024",69121.30,70041.27,66356.95,3737.18,3943.55,3552.64,0.9994,1.0007,0.9985,176.86,180.17,167.4,0.48313,0.487635,0.448582,614.67,616.52,581.95
"May 22, 2024",70135.32,70623.70,68977.70,3789.37,3810.95,3655.08,0.9999,1.0006,0.9992,178.12,183.07,175.45,0.494774,0.494924,0.476096,618.42,625.57,610.55
"May 21, 2024",71443.06,71946.46,69191.13,3663.01,3837.37,3628.10,1,1.0005,0.999,186.52,188.49,174.71,0.501749,0.508968,0.491106,600.6,629.86,593.93
"May 20, 2024",66278.74,71483.56,66086.17,3071.86,3690.81,3050.30,0.9999,1.0012,0.9995,170.09,187.45,168.03,0.467602,0.501758,0.462214,574.63,601.56,569.52
"May 19, 2024",66937.93,67694.30,65937.18,3122.82,3137.15,3056.75,1.0002,1.0012,0.9995,172.54,175.19,166.73,0.482408,0.483018,0.4656,580.48,581.88,572.37
"May 18, 2024",67066.21,67387.33,66663.50,3094.55,3146.79,3087.70,1.0005,1.0015,0.9998,169.53,175.78,168.93,0.482,0.485514,0.47655,581.18,581.99,575.02
"May 17, 2024",65231.30,67459.46,65119.32,2945.14,3120.30,2934.11,1.0001,1.0016,0.9998,159.12,171.61,159.12,0.459696,0.489945,0.455974,569.19,584.67,568.84
"May 16, 2024",66256.11,66712.43,64613.05,3036.01,3041.81,2925.09,1.0005,1.0015,0.9997,158.19,164.32,156.77,0.452996,0.461976,0.449552,582.1,586.44,565.76
"May 15, 2024",61553.99,66454.45,61330.41,2881.22,3041.60,2864.74,0.9996,1.0015,0.9993,142.03,158.64,141.35,0.428069,0.454588,0.42675,566.71,587.42,561.13
"May 14, 2024",62900.77,63092.13,61123.77,2949.21,2959.55,2863.55,0.9998,1.0011,0.9991,147.28,148.83,141.91,0.436544,0.437814,0.426998,591.61,592.84,563.42
"May 13, 2024",61451.22,63422.66,60769.84,2928.81,2994.87,2865.13,0.9996,1.0014,0.9992,143.52,150.55,138.03,0.437653,0.452145,0.426159,594.42,597.77,585.52
"May 12, 2024",60793.50,61818.16,60632.60,2911.66,2953.05,2902.20,0.9997,1.0010,0.9992,145.31,147.57,142.88,0.438876,0.442564,0.435251,592.03,599.18,587.8
"May 11, 2024",60793.36,61451.15,60492.63,2909.85,2942.18,2888.08,0.9999,1.0007,0.9993,146.22,147.43,143.33,0.44825,0.450547,0.438543,585.62,594.21,581.9
"May 10, 2024",63055.19,63446.74,60208.78,3036.23,3052.73,2881.00,0.9999,1.0024,0.9993,152.85,155.41,144.94,0.463503,0.467699,0.444465,596.03,596.58,582.05
"May 9, 2024",61191.20,63404.91,60648.07,2973.97,3057.96,2951.22,0.9996,1.0012,0.9993,142.29,153.09,140.79,0.452553,0.464136,0.448433,588.2,602.59,586.73
"May 8, 2024",62332.64,62986.09,60877.13,3006.32,3037.20,2938.47,1,1.0015,0.9994,148.13,149.81,140.17,0.441873,0.467473,0.438005,577.49,589.57,575.15
"May 7, 2024",63162.76,64390.46,62285.98,3062.75,3129.08,3003.01,1,1.0017,0.9996,152.81,159.05,148.08,0.454289,0.455711,0.441812,588.48,599.94,576.72
"May 6, 2024",64038.31,65494.90,62746.24,3137.51,3220.15,3048.24,1.0003,1.0016,0.9996,145.71,156.63,145.58,0.458334,0.474644,0.453099,592.14,601.89,583.37
"May 5, 2024",63892.45,64610.89,62955.30,3117.64,3170.06,3075.59,1.0002,1.0017,0.9998,146.14,147.92,143.48,0.463577,0.465201,0.453556,585.85,595,580.25
"May 4, 2024",62891.03,64494.96,62599.35,3103.62,3167.54,3096.27,1.0006,1.0017,0.9998,143.77,148.94,142.57,0.467544,0.474552,0.463367,587.02,593.19,583.3
"May 3, 2024",59122.30,63320.50,58848.31,2988.13,3127.16,2960.18,1.0001,1.0019,0.9995,137.81,144.96,136.12,0.458284,0.472815,0.447367,560.53,590.24,559.45
"May 2, 2024",58253.70,59602.30,56937.20,2969.79,3015.05,2894.33,0.9986,1.0017,0.9984,134.63,140.28,128.26,0.449866,0.461007,0.440861,561.41,565.46,543.52
"May 1, 2024",60609.50,60780.50,56555.29,3011.02,3020.17,2815.92,0.9991,1.0018,0.9981,126.96,135.11,119.38,0.440815,0.456083,0.419504,578.49,579.33,538.05
"Apr 30, 2024",63839.42,64703.33,59120.07,3215.38,3249.38,2918.23,0.9997,1.0013,0.9981,137.78,139.67,121.64,0.457363,0.462385,0.427744,592.83,603.32,556.17
"Apr 29, 2024",63106.36,64174.88,61795.46,3262.34,3285.47,3116.20,0.9997,1.0015,0.9993,137.86,138.74,133.71,0.460482,0.463061,0.448116,600.07,602.6,583.34
"Apr 28, 2024",63423.52,64321.48,62793.60,3252.25,3351.18,3249.15,0.9994,1.0011,0.999,141.29,144.51,137.23,0.467032,0.477335,0.459919,595.72,607.82,595.72
"Apr 27, 2024",63750.99,63898.36,62424.72,3129.73,3279.45,3071.34,0.9996,1.0010,0.9989,139.1,142.87,134.03,0.462729,0.468935,0.450886,597.71,599.28,586.15
"Apr 26, 2024",64485.37,64789.66,63322.40,3156.38,3166.19,3103.10,0.9998,1.0012,0.9992,144.89,145.85,138.91,0.47102,0.47815,0.462235,614.01,614.83,597.18
"Apr 25, 2024",64275.02,65275.21,62783.63,3139.62,3190.98,3074.80,0.9996,1.0010,0.9991,147.75,149.3,142.26,0.474901,0.479233,0.463569,608.09,617.81,601.78
"Apr 24, 2024",66408.72,67075.37,63589.87,3219.96,3292.92,3105.98,1.0001,1.0011,0.9989,154.7,159.58,145.77,0.500196,0.50984,0.470685,606.84,617.31,592.94
"Apr 23, 2024",66839.89,67199.24,65864.87,3201.59,3264.42,3154.59,1.0003,1.0014,0.9999,157.03,159.94,153.32,0.516885,0.520421,0.498599,605.58,613.54,599.94
"Apr 22, 2024",64935.63,67233.96,64548.18,3147.66,3236.66,3131.37,1.0003,1.0015,0.9998,148.61,158.37,146.99,0.49929,0.521807,0.496845,579.61,608.52,579.14
"Apr 21, 2024",64992.82,65723.24,64277.72,3157.57,3197.51,3119.55,1.0004,1.0013,0.9997,151.13,153.42,147.17,0.505908,0.512266,0.491571,570.96,582.27,567.17
"Apr 20, 2024",63851.10,65442.46,63172.40,3059.48,3170.67,3021.78,1.0007,1.0013,1,142.68,152.1,140.01,0.468784,0.507407,0.466775,554.89,574.1,549.8
"Apr 19, 2024",63510.75,65481.60,59651.39,3065.95,3127.11,2868.80,1.0005,1.0015,0.9996,142.08,147.33,128.86,0.458143,0.475262,0.425702,552.17,564.54,525.03
"Apr 18, 2024",61275.32,64125.69,60833.48,2984.71,3094.84,2956.13,1,1.0017,0.9996,131.87,143.73,128.08,0.444299,0.459905,0.436422,534.41,555.04,527.43
"Apr 17, 2024",63831.85,64486.36,59768.59,3084.92,3123.67,2918.55,1.0005,1.0013,0.9994,136.28,142.6,127.53,0.458607,0.464268,0.430911,537.83,548.04,514.11
"Apr 16, 2024",63419.30,64355.67,61716.40,3101.14,3127.16,2997.75,1.0003,1.0018,0.9998,138.51,140.28,126.87,0.460793,0.476847,0.440479,552.87,554.1,524.22
"Apr 15, 2024",65739.65,66878.65,62332.07,3156.83,3277.56,3026.54,1.0011,1.0019,0.9998,151.3,155.96,134.57,0.468911,0.494594,0.442137,567.22,585.49,546.87
"Apr 14, 2024",63836.23,65824.43,62205.85,3005.55,3174.67,2914.42,1.0013,1.0019,0.9995,139.34,152.5,131.29,0.44791,0.477274,0.43827,554.3,570.26,537.18
"Apr 13, 2024",67188.38,67931.43,60919.11,3242.94,3299.66,2862.39,1.0004,1.0032,0.9991,153.63,154.94,119.83,0.503579,0.5155,0.409073,596.37,599.89,517.27
"Apr 12, 2024",70061.38,71222.74,65254.84,3505.33,3552.59,3103.43,1.0006,1.0014,0.9987,172.58,175.81,145.52,0.586191,0.591456,0.461193,604.89,626.98,575.58
"Apr 11, 2024",70575.73,71256.23,69571.81,3543.45,3616.19,3477.17,1,1.0012,0.9993,173.44,176.24,170.39,0.586254,0.593882,0.577351,610.08,617.47,592.6
"Apr 10, 2024",69140.24,71093.43,67503.56,3505.16,3561.52,3415.18,0.9998,1.0009,0.9992,172.41,175.32,163.81,0.591894,0.593438,0.564811,580.83,610.48,574.46
"Apr 9, 2024",71632.50,71742.51,68212.92,3695.34,3724.92,3455.11,1.0002,1.0010,0.9993,180.78,180.83,169.37,0.614159,0.623213,0.591362,586.9,589.67,574.14
"Apr 8, 2024",69362.55,72715.36,69064.24,3453.50,3727.62,3409.51,0.9999,1.0010,0.9994,179.65,184.3,175.59,0.589472,0.615812,0.580352,584.1,600.89,577.98
"Apr 7, 2024",68897.11,70284.43,68851.63,3354.21,3458.51,3346.11,1.0002,1.0007,0.9995,178.92,182.54,177.07,0.584379,0.595882,0.582689,585.97,590.89,578.72
"Apr 6, 2024",67840.57,69629.60,67491.72,3318.86,3397.59,3308.98,1.0003,1.0007,0.9996,174.5,179.7,173.87,0.574841,0.588323,0.573283,578.97,590.6,575.92
"Apr 5, 2024",68515.76,68725.76,66011.48,3330.01,3345.67,3214.24,1.0004,1.0010,0.9994,183.96,184.98,168.24,0.582955,0.5843,0.562024,585.48,591.33,565.75
"Apr 4, 2024",65975.70,69291.26,65113.80,3311.50,3443.21,3253.32,1.0003,1.0008,0.9989,185.25,190.07,180.51,0.571277,0.596073,0.56202,562.02,597.84,561.35
"Apr 3, 2024",65446.67,66914.32,64559.90,3277.32,3368.11,3205.65,1.0002,1.0009,0.9996,181.17,191.69,177.4,0.580988,0.594003,0.566755,550.68,568,540.25
"Apr 2, 2024",69705.02,69708.38,64586.59,3504.82,3506.96,3215.99,1.0004,1.0012,0.999,192.57,192.57,176.13,0.621685,0.621696,0.575678,576.38,578.13,546.87
"Apr 1, 2024",71333.48,71342.09,68110.70,3647.82,3648.13,3418.70,1,1.0017,0.9997,202.87,204.18,187.49,0.650427,0.650956,0.607714,606.91,607.65,570.05
"Mar 31, 2024",69647.78,71377.78,69624.87,3507.95,3655.22,3507.24,1.0005,1.0013,0.9997,194.38,203.03,194.04,0.644364,0.653083,0.643244,601.01,608.66,600.88
"Mar 30, 2024",69893.45,70355.49,69601.06,3511.83,3566.08,3489.90,1.0005,1.0011,1,192.23,199.73,191.22,0.664424,0.668271,0.643069,612.66,612.99,597.63
"Mar 29, 2024",70744.80,70913.09,69076.66,3561.01,3583.70,3475.73,1.0001,1.0007,0.9995,189.62,192.97,183.65,0.650796,0.666749,0.638028,583.29,619.97,582.47
"Mar 28, 2024",69452.77,71546.02,68895.51,3500.22,3609.71,3465.33,0.9996,1.0006,0.9991,186.36,190.88,181,0.648438,0.657416,0.636376,574.51,591.31,574.2
"Mar 27, 2024",69991.90,71727.69,68381.93,3587.31,3664.38,3460.39,1,1.0004,0.9991,190.7,192.5,180.42,0.665024,0.670158,0.632704,580.16,584.99,565.51
"Mar 26, 2024",69931.33,71535.74,69335.61,3591.09,3678.79,3545.43,1.0002,1.0008,0.999,189.08,196.29,186.75,0.656949,0.682587,0.65408,587.43,597.01,572.81
"Mar 25, 2024",67234.09,71162.59,66414.84,3454.89,3657.12,3421.79,1,1.0013,0.999,183.57,194.43,181.25,0.646152,0.667585,0.639901,567.99,597.66,565.14
"Mar 24, 2024",64070.75,67622.76,63825.85,3336.67,3470.34,3301.28,1.0003,1.0009,0.9996,172.9,186.63,171.67,0.625859,0.647304,0.625546,551.88,572.49,549.53
"Mar 23, 2024",63802.72,65976.40,63038.49,3335.59,3433.76,3273.12,1.0002,1.0008,0.9997,174.36,178.8,171.02,0.613304,0.63863,0.613016,551.78,567.54,544.92
"Mar 22, 2024",65489.93,66623.75,62355.37,3492.90,3541.90,3254.97,0.9998,1.0012,0.9991,179.24,181.32,167.88,0.631873,0.641832,0.600912,553.25,587.73,535.97
"Mar 21, 2024",67911.59,68199.99,64580.92,3514.02,3586.91,3412.22,1.0002,1.0015,0.9993,191.55,195.31,176.28,0.639486,0.646522,0.620028,556.7,570.05,541.66
"Mar 20, 2024",61930.16,68115.26,60807.79,3158.40,3534.83,3059.65,0.9997,1.0013,0.999,170.02,192.91,163.3,0.586914,0.643161,0.572496,507.09,558.95,501.12
"Mar 19, 2024",67556.13,68106.93,61536.18,3518.35,3546.58,3149.29,0.9999,1.0012,0.9985,195.99,198.24,166.18,0.661258,0.664484,0.580711,554.56,559.86,498.56
"Mar 18, 2024",68371.30,68897.13,66594.23,3642.30,3642.50,3456.09,0.9995,1.0007,0.9989,202.12,209.7,194.85,0.681099,0.69641,0.645319,571.09,586.51,540.85
"Mar 17, 2024",65316.34,68845.72,64545.32,3523.03,3676.26,3414.17,0.9993,1.0004,0.9983,181.88,204.29,179.23,0.659535,0.686795,0.633787,576.78,589.64,550.14
"Mar 16, 2024",69392.48,70046.27,64801.39,3736.10,3780.89,3468.08,1.0002,1.0010,0.9987,182.97,197.66,177.46,0.726447,0.733654,0.654741,632.8,641.48,571.29
"Mar 15, 2024",71387.88,72357.13,65630.70,3882.86,3928.78,3571.77,0.9996,1.0025,0.9985,176.68,188.5,165.41,0.750474,0.761962,0.678853,602.97,634.2,547.7
"Mar 14, 2024",73079.38,73750.07,68563.02,4005.75,4011.10,3721.79,1.0005,1.0009,0.9983,163.84,177.89,160.23,0.764562,0.806985,0.719326,630.56,630.96,569.21
"Mar 13, 2024",71482.12,73637.48,71334.09,3980.27,4083.01,3936.63,1.0002,1.0015,0.999,151.02,166.45,148.95,0.748055,0.772147,0.738719,537.87,631.17,532.05
"Mar 12, 2024",72125.13,72825.66,68728.85,4066.69,4092.28,3831.89,1.0003,1.0011,0.9986,148.75,154.94,142.87,0.774189,0.775003,0.716698,522.72,547.02,521.91
"Mar 11, 2024",69020.55,72850.71,67194.88,3881.24,4087.05,3745.13,1.001,1.0017,0.9991,144.51,150.02,137.63,0.717152,0.786883,0.695982,529.45,532.79,509.98
"Mar 10, 2024",68500.26,70005.20,68239.98,3915.59,3968.72,3800.56,1.0022,1.0027,1.0004,144.61,148.67,140.84,0.743714,0.744226,0.705301,489.54,537.42,486.84
"Mar 9, 2024",68299.26,68673.05,68053.13,3892.12,3950.40,3880.66,1.0022,1.0029,1.0013,145.24,149.35,144.29,0.724855,0.746143,0.7234,488.09,494.08,482.64
"Mar 8, 2024",66938.09,70083.05,66230.45,3874.83,3998.83,3828.36,1.0015,1.0036,0.9997,143.98,152.42,142.54,0.744739,0.75446,0.704171,475.28,489.58,464.83
"Mar 7, 2024",66099.74,68029.92,65655.53,3818.31,3939.59,3738.69,1.0005,1.0023,0.9994,130.74,149.22,130.7,0.733846,0.75462,0.721365,429.01,477.21,423.79
"Mar 6, 2024",63776.05,67637.93,62848.67,3554.07,3901.43,3502.80,1.0011,1.0025,0.9996,125.7,134.81,120.32,0.693489,0.754289,0.667933,394.66,433.43,386.23
"Mar 5, 2024",68341.05,69170.63,59323.91,3631.93,3828.16,3224.12,1.0013,1.0021,0.9987,133.16,142.65,109.54,0.771298,0.780695,0.595808,419.02,427.08,363.22
"Mar 4, 2024",63137.00,68537.03,62386.52,3489.34,3641.46,3446.02,1.0005,1.0021,0.9997,130.42,134.87,127.8,0.728179,0.796568,0.72592,414.41,423.8,411.48
"Mar 3, 2024",62031.58,63230.21,61435.02,3422.88,3491.17,3372.21,1.0006,1.0011,0.9999,129.79,132.06,125.77,0.741072,0.741664,0.701956,410.98,416.63,405.09
"Mar 2, 2024",62431.65,62458.70,61657.29,3436.16,3459.75,3398.90,1.0008,1.0014,0.9999,129.98,131.45,127.68,0.719034,0.761303,0.718878,407.8,414.85,406.54
"Mar 1, 2024",61168.06,63155.10,60802.53,3341.97,3452.63,3341.85,1.0004,1.0014,0.9996,125.64,137.6,125.64,0.655441,0.719081,0.654593,399.67,408.55,399.48
"Feb 29, 2024",62499.18,63585.64,60498.73,3386.80,3518.97,3303.91,1.0011,1.0012,0.999,118.24,134.47,117.67,0.63086,0.70528,0.62572,415.58,419.78,392.38
"Feb 28, 2024",57071.10,63913.13,56738.43,3243.89,3485.45,3201.58,1.0005,1.0016,0.999,108.4,118.05,107.46,0.624196,0.658023,0.603052,394.95,427.05,394.66
"Feb 27, 2024",54519.36,57537.84,54484.20,3178.41,3287.96,3167.83,1.0007,1.0012,0.9994,109.92,112.2,105.9,0.619746,0.628994,0.611208,401.64,403.74,390.92
"Feb 26, 2024",51730.54,54938.18,50931.03,3112.53,3197.38,3037.95,1,1.0010,0.9995,103.45,110.58,100.46,0.591361,0.621698,0.575256,388.54,404.44,382.26
"Feb 25, 2024",51565.21,51950.03,51306.17,2992.37,3117.43,2984.39,0.9999,1.0005,0.9995,104.13,104.33,102.17,0.596705,0.599775,0.581406,381.74,390.45,378.13
"Feb 24, 2024",50736.37,51684.20,50585.45,2921.96,3003.20,2907.70,0.9999,1.0003,0.9994,99.95,104.65,98.59,0.583161,0.598924,0.571189,375.32,383.07,372
"Feb 23, 2024",51283.91,51497.93,50561.78,2970.14,2991.33,2906.58,0.9996,1.0001,0.9993,101.67,103.02,98.96,0.585821,0.594021,0.570498,381.98,385.46,369.4
"Feb 22, 2024",51854.64,52009.61,50926.29,2969.60,3030.67,2907.11,1.0001,1.0002,0.9991,105.12,107,101.64,0.59848,0.606892,0.582224,378.71,386.59,374.3
"Feb 21, 2024",52273.54,52368.82,50671.76,3015.65,3017.19,2875.42,1.0002,1.0003,0.9993,108.45,108.45,100.41,0.62209,0.622667,0.577376,354.86,379.07,351.4
"Feb 20, 2024",51777.73,52945.05,50792.31,2944.11,3031.52,2879.90,1,1.0003,0.9992,111.48,112.04,104.89,0.63106,0.639021,0.600431,351.81,360.37,346.07
"Feb 19, 2024",52134.81,52483.32,51711.82,2881.30,2983.37,2860.26,1.0002,1.0004,0.9994,112.18,114.72,111.08,0.618769,0.636478,0.617451,349.68,355.7,349.62
"Feb 18, 2024",51661.97,52356.96,51233.71,2786.71,2892.84,2767.91,1.0003,1.0005,0.9997,108.99,114,107.61,0.608639,0.637485,0.608639,352.91,358.01,349.68
"Feb 17, 2024",52161.68,52191.91,50669.67,2803.74,2805.13,2724.39,1.0007,1.0009,0.9997,110.44,111.07,106.13,0.598894,0.609918,0.571002,360.87,363.28,349.04
"Feb 16, 2024",51937.73,52537.97,51641.37,2825.48,2858.45,2760.33,1.001,1.0012,0.9998,113.67,114.25,108.35,0.608527,0.612269,0.585995,354.69,365.56,351.7
"Feb 15, 2024",51836.79,52820.07,51371.63,2777.60,2865.85,2764.01,1.0009,1.0012,0.9994,116.99,118.31,111.78,0.577321,0.610741,0.573474,334.21,365.13,333.85
"Feb 14, 2024",49733.45,52021.37,49296.83,2641.69,2786.89,2621.03,1.0006,1.0013,1,112.57,118.33,110.88,0.544989,0.580883,0.540968,324.87,334.37,323.88
"Feb 13, 2024",49941.36,50358.39,48406.50,2659.59,2686.46,2599.17,1.0003,1.0011,0.9998,111.98,114.81,108.49,0.559999,0.563696,0.535545,327.93,329.21,319.48
"Feb 12, 2024",48296.39,50280.48,47745.76,2507.58,2663.84,2473.81,1.0003,1.0011,0.9998,107.49,112.07,103.61,0.541433,0.564612,0.531948,320.8,331.44,315.93
"Feb 11, 2024",47768.97,48535.94,47617.41,2501.13,2537.68,2495.21,1.0003,1.0009,0.9999,109.12,110.56,107.36,0.551422,0.564102,0.536913,323.1,324.77,320.31
"Feb 10, 2024",47153.53,48146.17,46905.32,2487.65,2516.72,2475.86,1.0005,1.0009,1.0001,106.93,110.74,106.93,0.540741,0.556023,0.530169,323.87,325.43,319.58
"Feb 9, 2024",45297.38,48152.50,45260.82,2419.77,2522.72,2419.36,1.0001,1.0009,0.9993,102.79,108.99,102.79,0.529449,0.547281,0.528349,318.92,325.64,318.2
"Feb 8, 2024",44332.13,45575.84,44332.13,2424.08,2459.56,2414.75,0.9997,1.0004,0.9991,101,104.8,100.55,0.501795,0.534829,0.501795,307.57,320.41,307.51
"Feb 7, 2024",43090.02,44341.95,42775.96,2372.26,2442.64,2353.71,0.9999,1.0002,0.9991,96.86,101.24,94.72,0.498442,0.501844,0.475045,302.71,308.48,300.85
"Feb 6, 2024",42657.39,43344.15,42529.02,2298.96,2389.83,2296.79,0.9988,1.0000,0.9986,95.55,97.79,93.28,0.493382,0.503421,0.490085,300.86,303.57,300.64
"Feb 5, 2024",42577.62,43494.25,42264.82,2289.21,2334.68,2270.07,0.9997,1.0000,0.9986,95.47,98.54,94.29,0.49424,0.504766,0.488481,304.72,306.52,299.55
"Feb 4, 2024",42994.94,43097.64,42374.83,2296.12,2309.01,2272.30,0.9998,1.0002,0.9994,97.89,98.46,95.27,0.512882,0.512882,0.494256,299.72,307.41,298.21
"Feb 3, 2024",43184.96,43359.94,42890.81,2307.98,2327.35,2293.54,0.9997,1.0000,0.9994,100.45,101.06,96.81,0.513989,0.524477,0.512708,301.18,303.51,299.63
"Feb 2, 2024",43077.64,43422.49,42584.34,2303.71,2323.05,2282.23,0.9998,1.0003,0.9992,97.83,102.41,97.57,0.50703,0.523469,0.504733,300.16,304.29,299.94
"Feb 1, 2024",42569.76,43243.17,41879.19,2282.18,2309.84,2243.57,1.0001,1.0004,0.9989,97.02,97.94,93.38,0.498247,0.50734,0.487143,300.35,301.88,296.56
"Jan 31, 2024",42946.25,43717.41,42298.95,2343.56,2349.61,2264.44,1.0001,1.0004,0.9991,101.45,102.55,96.1,0.514095,0.519219,0.495401,307.47,307.86,298.96
"Jan 30, 2024",43300.23,43838.95,42711.37,2317.44,2388.87,2298.28,1.0001,1.0003,0.9996,101.57,106.21,101.11,0.525298,0.535742,0.514158,310.71,312.96,306.92
"Jan 29, 2024",42030.91,43305.87,41818.33,2257.00,2320.03,2237.71,1,1.0006,0.9996,95.94,101.77,95.18,0.489768,0.527302,0.485568,305.02,310.71,304.6
"Jan 28, 2024",42126.13,42797.18,41696.91,2268.19,2306.90,2242.68,1.0001,1.0002,0.9995,94.18,99.38,93.54,0.486326,0.499554,0.485152,305.77,308.77,303.29
"Jan 27, 2024",41815.63,42195.63,41431.28,2267.32,2282.54,2252.39,0.9999,1.0004,0.9997,92.39,94.44,90.84,0.485263,0.489547,0.476921,302.32,307.41,302.06
"Jan 26, 2024",39936.82,42209.39,39825.69,2217.44,2280.38,2196.14,0.9996,1.0003,0.9992,86.89,93.53,86.15,0.466472,0.489616,0.463956,291.94,303.79,290.88
"Jan 25, 2024",40075.55,40254.48,39545.66,2233.97,2240.38,2173.69,0.9997,1.0005,0.9992,88.74,89.38,85.27,0.476302,0.483024,0.459863,293.09,296.05,287.73
"Jan 24, 2024",39877.59,40483.79,39508.80,2241.75,2261.38,2197.66,0.9993,1.0004,0.9989,84.29,89.27,83.42,0.476763,0.478956,0.464782,298.41,300.34,290.85
"Jan 23, 2024",39518.71,40127.35,38521.89,2310.95,2348.03,2167.28,0.9988,1.0003,0.9985,83.62,85.84,79.07,0.47849,0.485338,0.449699,305.44,311.17,291.06
"Jan 22, 2024",41553.65,41651.21,39450.12,2454.99,2463.45,2303.50,0.9995,1.0005,0.9986,90.9,91.64,82.66,0.503155,0.505089,0.47805,318.38,319.74,304.58
"Jan 21, 2024",41671.49,41855.37,41497.01,2469.80,2479.76,2452.38,0.9994,1.0004,0.9992,92.59,93.71,90.85,0.515006,0.519567,0.503105,316.96,321.28,316.22
"Jan 20, 2024",41624.59,41877.89,41446.82,2489.85,2489.85,2456.10,0.9992,1.0009,0.999,93.39,94.03,90.49,0.503148,0.516822,0.499633,314.3,316.96,312.3
"Jan 19, 2024",41278.46,42134.16,40297.46,2468.69,2501.31,2414.71,0.9994,1.0000,0.9985,94.25,95.16,87.48,0.501882,0.503305,0.474274,313.29,315.64,306.38
"Jan 18, 2024",42742.31,42876.35,40631.17,2528.59,2546.26,2426.14,0.9992,0.9998,0.998,102.03,102.92,92.14,0.527071,0.527249,0.497459,309.09,315.14,305.72
"Jan 17, 2024",43132.10,43189.89,42189.31,2587.04,2592.74,2508.43,0.9998,1.0004,0.9989,97.62,102.43,97.06,0.53565,0.538775,0.5238,315.16,315.93,307.36
"Jan 16, 2024",42499.34,43566.27,42086.00,2510.63,2613.57,2500.00,0.9994,1.0004,0.9987,94.44,98.6,94.4,0.52805,0.546019,0.527511,317.55,318.75,313.54
"Jan 15, 2024",41715.07,43319.72,41705.42,2471.67,2550.77,2470.82,0.9995,1.0003,0.9991,94.04,96.82,93.24,0.525908,0.540546,0.524869,299.03,319.59,299.03
"Jan 14, 2024",42842.26,43065.60,41724.61,2578.00,2578.33,2470.42,0.9999,1.0004,0.9993,95.73,102.17,93.89,0.549369,0.549566,0.525981,302.23,306.5,299.01
"Jan 13, 2024",42799.45,43234.66,42464.14,2522.93,2589.08,2498.59,1.0001,1.0003,0.9996,91.76,96.92,89.75,0.547301,0.553008,0.537095,296.63,302.92,291.52
"Jan 12, 2024",46354.79,46498.14,41903.77,2619.18,2710.42,2460.93,1.0003,1.0004,0.9988,99.91,100.25,88.31,0.582134,0.587702,0.536105,308.63,312.69,290.74
"Jan 11, 2024",46656.07,48969.37,45678.64,2584.17,2687.78,2567.99,1.0003,1.0011,0.9991,102.1,106.94,98.41,0.566617,0.615794,0.562519,305.22,316.72,302.65
"Jan 10, 2024",46121.54,47647.22,44483.15,2344.92,2626.98,2341.94,1.0002,1.0011,0.9997,99.38,105.08,92.56,0.511591,0.587178,0.494356,300.98,309.6,290.12
"Jan 9, 2024",46987.64,47893.70,45244.71,2332.87,2369.64,2243.22,1.0008,1.0010,0.9994,97.82,103.8,95.89,0.541072,0.542585,0.498998,304.48,306.67,296.52
"Jan 8, 2024",43948.71,47218.00,43244.08,2222.86,2358.82,2171.99,1.0007,1.0014,1.0002,89.28,99.76,85.65,0.494223,0.542902,0.468186,302.9,308.28,290.88
"Jan 7, 2024",43998.46,44495.57,43662.23,2242.01,2257.13,2211.56,1.0005,1.0012,1.0002,93.86,96.69,88.22,0.523169,0.529506,0.490306,307.79,309.88,301.09
"Jan 6, 2024",44178.95,44227.63,43475.16,2269.54,2271.36,2219.78,1.0009,1.0014,1.0003,99.99,100.04,92.02,0.541309,0.542212,0.509535,317.5,317.83,301.4
"Jan 5, 2024",44192.98,44353.29,42784.72,2269.41,2276.76,2209.54,1.0009,1.0016,1.0004,105.05,105.24,95.94,0.570543,0.572709,0.526672,323.62,327.04,310.65
"Jan 4, 2024",42855.82,44770.02,42675.18,2210.53,2294.61,2204.87,1.0004,1.0018,1.0004,98.59,107.98,97.11,0.557277,0.577765,0.552852,316.62,323.82,312.15
"Jan 3, 2024",44961.60,45503.24,40813.54,2355.98,2385.12,2113.93,1.0004,1.0036,1.0002,106.62,109.85,92.92,0.605669,0.617962,0.525139,312.15,332.75,301.42
"Jan 2, 2024",44187.14,45899.71,44176.95,2352.59,2431.21,2348.89,1.0003,1.0014,1.0001,109.55,116.88,106.39,0.623141,0.636704,0.603568,314.27,320.93,308.35
"Jan 1, 2024",42280.23,44175.44,42214.98,2282.87,2352.33,2267.02,0.9999,1.0007,0.9996,101.51,109.51,101.51,0.594187,0.623812,0.592739,312.39,315.75,308.1