Date,Bitcoin Open,Bitcoin High,Bitcoin Low,Bitcoin Close,Ethereum Open,Ethereum High,Ethereum Low,Ethereum Close
"Dec 31, 2024",92643.25,96090.60,91914.03,93429.20,3356.39,3444.40,3311.41,3332.53
"Dec 30, 2024",93527.20,94903.32,91317.13,92643.21,3349.59,3428.53,3298.80,3356.39
"Dec 29, 2024",95174.05,95174.88,92881.79,93530.23,3397.86,3406.65,3321.66,3349.51
"Dec 28, 2024",94160.19,95525.90,94014.29,95163.93,3328.77,3419.92,3318.03,3397.90
"Dec 27, 2024",95704.98,97294.84,93310.74,94164.86,3331.05,3436.71,3302.58,3328.92
"Dec 26, 2024",99297.70,99884.57,95137.88,95795.52,3493.30,3512.60,3302.31,3331.23
"Dec 25, 2024",98675.91,99478.75,97593.47,99299.20,3491.96,3542.83,3440.10,3493.24
"Dec 24, 2024",94684.34,99404.06,93448.02,98676.09,3415.74,3535.86,3355.61,3492.05
"Dec 23, 2024",95099.39,96416.21,92403.13,94686.24,3277.51,3461.53,3217.37,3415.79
"Dec 22, 2024",97218.32,97360.27,94202.19,95104.94,3337.00,3398.66,3219.29,3277.54
"Dec 21, 2024",97756.20,99507.10,96426.52,97224.73,3472.59,3552.92,3293.51,3337.22
"Dec 20, 2024",97484.70,98098.91,92175.18,97755.93,3417.93,3496.33,3098.20,3472.55
"Dec 19, 2024",100070.69,102748.15,95587.68,97490.95,3619.58,3717.66,3330.87,3417.93
"Dec 18, 2024",106147.30,106470.61,100041.54,100041.54,3886.89,3902.72,3617.84,3618.79
"Dec 17, 2024",106030.69,108268.45,105291.73,106140.60,3987.33,4040.34,3849.29,3886.77
"Dec 16, 2024",104293.58,107780.58,103322.98,106029.72,3951.65,4106.96,3882.71,3987.48
"Dec 15, 2024",101373.53,105047.54,101227.03,104298.70,3868.44,3971.50,3832.10,3951.94
"Dec 14, 2024",101451.44,102618.88,100634.05,101372.97,3910.85,3943.28,3826.76,3868.41
"Dec 13, 2024",100046.65,101888.80,99233.28,101459.26,3883.03,3967.40,3855.02,3911.21
"Dec 12, 2024",101167.80,102524.91,99339.95,100043.00,3833.17,3987.01,3800.09,3883.10
"Dec 11, 2024",96656.06,101913.36,95747.23,101173.03,3631.28,3850.77,3567.57,3832.82
"Dec 10, 2024",97441.23,98270.16,94321.26,96675.43,3719.00,3780.75,3520.37,3631.83
"Dec 9, 2024",101237.06,101272.51,94355.91,97432.72,4006.10,4008.78,3525.23,3718.69
"Dec 8, 2024",99921.91,101399.99,98771.52,101236.02,4007.69,4018.00,3927.85,4005.70
"Dec 7, 2024",99916.71,100563.38,99030.88,99923.34,4006.03,4029.45,3974.18,4002.69
"Dec 6, 2024",97074.23,102039.88,96514.88,99920.71,3792.21,4093.17,3782.68,4005.81
"Dec 5, 2024",98741.54,103900.47,91998.78,96593.57,3840.84,3956.54,3683.42,3811.01
"Dec 4, 2024",95988.53,99207.33,94660.52,98768.53,3620.04,3895.17,3617.74,3841.33
"Dec 3, 2024",95854.59,96297.20,93629.56,96002.16,3643.74,3670.22,3504.23,3620.71
"Dec 2, 2024",97276.01,98152.60,94482.87,95865.30,3710.50,3761.34,3557.25,3644.20
"Dec 1, 2024",96461.34,97888.13,95770.19,97279.79,3706.62,3747.46,3663.23,3711.17
"Nov 30, 2024",97468.81,97499.34,96144.22,96449.05,3593.60,3739.93,3572.25,3705.71
"Nov 29, 2024",95653.95,98693.17,95407.88,97461.52,3579.91,3647.26,3538.45,3593.49
"Nov 28, 2024",95954.95,96650.20,94677.35,95652.47,3656.61,3664.88,3531.87,3579.81
"Nov 27, 2024",91978.14,97361.18,91778.66,95962.53,3326.03,3687.01,3303.57,3657.25
"Nov 26, 2024",93087.28,94991.75,90770.81,91985.32,3412.95,3461.29,3255.54,3326.52
"Nov 25, 2024",98033.45,98935.03,92642.91,93102.30,3364.60,3545.28,3304.09,3413.54
"Nov 24, 2024",97778.09,98647.18,95788.08,98013.82,3397.00,3451.80,3288.43,3363.66
"Nov 23, 2024",99006.74,99014.68,97232.89,97777.28,3331.65,3499.37,3317.65,3396.22
"Nov 22, 2024",98496.43,99655.50,97222.66,98997.66,3360.65,3428.46,3262.81,3331.60
"Nov 21, 2024",94334.64,99014.22,94132.60,98504.73,3072.06,3388.54,3035.85,3361.05
"Nov 20, 2024",92341.89,94902.02,91619.50,94339.49,3111.12,3159.95,3032.60,3072.19
"Nov 19, 2024",90536.81,94002.87,90426.98,92343.79,3208.25,3222.00,3070.36,3111.38
"Nov 18, 2024",89843.72,92596.79,89393.59,90542.64,3075.72,3225.13,3052.49,3207.86
"Nov 17, 2024",90558.46,91433.04,88741.66,89845.85,3133.31,3160.15,3039.25,3075.66
"Nov 16, 2024",91064.37,91763.95,90094.23,90558.48,3089.74,3218.09,3073.29,3133.27
"Nov 15, 2024",87284.18,91868.74,87124.90,91066.01,3059.53,3130.70,3016.14,3103.04
"Nov 14, 2024",90574.88,91765.22,86682.81,87250.43,3192.52,3240.27,3032.97,3058.95
"Nov 13, 2024",87929.97,93434.35,86256.93,90584.16,3244.54,3337.88,3121.67,3192.60
"Nov 12, 2024",88705.56,89956.88,85155.11,87955.81,3375.15,3444.15,3211.20,3246.26
"Nov 11, 2024",80471.41,89604.50,80283.25,88701.48,3191.66,3389.53,3109.77,3374.81
"Nov 10, 2024",76775.55,81474.42,76565.43,80474.19,3130.73,3249.91,3073.25,3191.33
"Nov 9, 2024",76556.19,76932.77,75773.79,76778.87,2962.79,3156.37,2957.18,3131.14
"Nov 8, 2024",75902.84,77252.75,75648.74,76545.48,2895.60,2983.74,2889.48,2962.30
"Nov 7, 2024",75637.09,76943.12,74480.42,75904.86,2724.01,2918.74,2701.59,2895.59
"Nov 6, 2024",69358.50,76460.16,69322.03,75639.08,2422.54,2743.96,2421.81,2724.17
"Nov 5, 2024",67811.17,70522.79,67458.87,69359.56,2397.04,2478.62,2380.60,2422.65
"Nov 4, 2024",68742.13,69433.18,66803.65,67811.51,2456.10,2488.35,2359.58,2397.03
"Nov 3, 2024",69296.38,69361.66,67482.52,68741.12,2491.09,2495.44,2411.40,2456.43
"Nov 2, 2024",69486.02,69867.35,69033.72,69289.27,2512.21,2522.36,2471.96,2491.07
"Nov 1, 2024",70216.90,71559.02,68779.70,69482.47,2515.87,2583.78,2467.82,2511.89
"Oct 31, 2024",72335.05,72662.31,69590.50,70215.19,2657.21,2667.56,2501.57,2515.80
"Oct 30, 2024",72715.37,72905.30,71411.73,72339.54,2637.64,2720.27,2600.61,2657.37
"Oct 29, 2024",69910.05,73577.21,69729.91,72720.49,2565.42,2680.05,2560.15,2637.96
"Oct 28, 2024",67922.67,70212.27,67535.13,69907.76,2505.59,2587.43,2470.27,2565.35
"Oct 27, 2024",67023.48,68221.31,66847.23,67929.30,2479.94,2523.17,2462.27,2505.94
"Oct 26, 2024",66628.73,67317.92,66360.59,67014.70,2436.05,2503.23,2427.46,2479.60
"Oct 25, 2024",68165.30,68722.16,65521.79,66642.41,2534.45,2563.73,2381.45,2435.93
"Oct 24, 2024",66653.70,68798.96,66454.10,68161.05,2523.61,2559.15,2506.72,2534.50
"Oct 23, 2024",67362.38,67402.74,65188.04,66432.20,2620.09,2624.45,2457.17,2509.10
"Oct 22, 2024",67360.70,67801.58,66581.37,67361.41,2665.66,2669.79,2605.62,2620.20
"Oct 21, 2024",69002.00,69462.73,66829.85,67367.85,2746.31,2765.55,2655.29,2665.71
"Oct 20, 2024",68364.18,69359.01,68105.72,69001.70,2648.67,2756.44,2635.95,2746.36
"Oct 19, 2024",68418.98,68668.01,68024.64,68362.73,2641.49,2661.87,2631.66,2648.66
"Oct 18, 2024",67419.11,68969.75,67177.82,68418.79,2604.81,2674.37,2595.96,2641.55
"Oct 17, 2024",67617.08,67912.21,66647.39,67399.84,2611.19,2646.87,2577.31,2604.27
"Oct 16, 2024",67042.46,68375.29,66758.73,67612.72,2606.02,2644.85,2589.61,2611.10
"Oct 15, 2024",66050.37,67881.68,64809.20,67041.11,2629.02,2685.17,2537.94,2606.02
"Oct 14, 2024",62848.40,66482.49,62442.15,66046.13,2467.65,2652.88,2443.55,2628.90
"Oct 13, 2024",63192.95,63272.65,62035.64,62851.38,2476.52,2484.13,2436.97,2467.68
"Oct 12, 2024",62444.62,63448.79,62443.27,63193.02,2436.52,2488.24,2434.20,2476.52
"Oct 11, 2024",60275.46,63400.87,60046.13,62445.09,2383.94,2470.40,2380.50,2436.51
"Oct 10, 2024",60581.93,61236.72,58895.21,60274.50,2368.27,2417.29,2329.78,2383.86
"Oct 9, 2024",62131.73,62508.84,60314.61,60582.10,2439.84,2470.91,2350.95,2368.28
"Oct 8, 2024",62221.64,63174.30,61843.56,62131.97,2421.98,2464.13,2400.51,2439.84
"Oct 7, 2024",62819.11,64443.71,62152.55,62236.66,2439.94,2520.41,2405.13,2421.80
"Oct 6, 2024",62084.99,62959.57,61833.15,62818.95,2415.53,2456.63,2407.10,2439.96
"Oct 5, 2024",62067.61,62371.02,61689.58,62089.95,2414.85,2427.52,2390.84,2415.63
"Oct 4, 2024",60754.63,62465.99,60459.94,62067.48,2349.73,2440.24,2339.87,2414.79
"Oct 3, 2024",60632.48,61469.04,59878.80,60759.40,2365.21,2402.86,2311.03,2349.79
"Oct 2, 2024",60836.32,62357.69,59996.95,60632.79,2448.88,2498.12,2354.54,2365.23
"Oct 1, 2024",63335.61,64110.98,60189.28,60837.01,2603.26,2657.62,2415.08,2448.92
"Sep 30, 2024",65634.66,65635.05,62873.62,63329.50,2659.29,2662.49,2576.98,2603.06
"Sep 29, 2024",65888.90,66069.34,65450.02,65635.30,2677.63,2683.45,2635.58,2659.35
"Sep 28, 2024",65792.18,66255.53,65458.04,65887.65,2695.82,2704.93,2652.25,2677.54
"Sep 27, 2024",65180.66,66480.70,64852.99,65790.66,2632.24,2728.07,2616.95,2695.90
"Sep 26, 2024",63138.55,65790.80,62669.27,65181.02,2579.22,2665.99,2559.95,2632.20
"Sep 25, 2024",64302.59,64804.50,62945.38,63143.14,2654.36,2672.46,2557.72,2579.39
"Sep 24, 2024",63326.84,64695.21,62737.42,64301.97,2648.48,2671.28,2593.15,2654.35
"Sep 23, 2024",63643.10,64733.56,62628.08,63329.80,2582.77,2701.68,2541.91,2648.55
"Sep 22, 2024",63396.80,63993.42,62440.73,63648.71,2615.85,2632.04,2528.52,2582.86
"Sep 21, 2024",63184.34,63543.36,62783.11,63394.84,2560.88,2621.62,2530.84,2615.86
"Sep 20, 2024",62941.43,64119.53,62364.61,63192.98,2464.78,2571.99,2439.38,2561.07
"Sep 19, 2024",61651.16,63872.44,61609.87,62940.46,2369.37,2492.20,2369.37,2464.75
"Sep 18, 2024",60309.00,61664.07,59218.25,61649.68,2341.73,2369.73,2278.66,2369.73
"Sep 17, 2024",58192.51,61316.09,57628.07,60308.54,2295.28,2392.15,2263.79,2341.71
"Sep 16, 2024",59185.23,59205.51,57501.34,58192.51,2320.89,2334.79,2253.72,2295.28
"Sep 15, 2024",60000.73,60381.92,58696.31,59182.84,2418.27,2430.38,2286.63,2320.90
"Sep 14, 2024",60569.12,60656.72,59517.88,60005.12,2441.58,2442.63,2386.98,2418.60
"Sep 13, 2024",58130.32,60648.02,57650.11,60571.30,2361.74,2462.80,2338.14,2441.61
"Sep 12, 2024",57343.17,58534.36,57330.10,58127.01,2339.84,2390.19,2316.16,2361.78
"Sep 11, 2024",57650.29,57991.32,55567.34,57343.17,2389.60,2389.72,2279.05,2339.84
"Sep 10, 2024",57020.10,58029.98,56419.41,57648.71,2358.50,2398.50,2323.07,2389.58
"Sep 9, 2024",54851.89,58041.13,54598.43,57019.54,2297.90,2379.79,2274.12,2358.48
"Sep 8, 2024",54147.93,55300.86,53653.76,54841.57,2274.44,2332.36,2243.91,2297.29
"Sep 7, 2024",53949.09,54838.14,53740.07,54139.69,2223.93,2310.19,2222.10,2274.11
"Sep 6, 2024",56160.19,56976.11,52598.70,53948.75,2367.70,2406.51,2150.86,2223.88
"Sep 5, 2024",57971.70,58300.58,55712.45,56160.49,2448.99,2465.39,2348.86,2367.74
"Sep 4, 2024",57430.35,58511.57,55673.16,57971.54,2420.19,2488.92,2313.27,2448.98
"Sep 3, 2024",59106.19,59815.06,57425.17,57431.02,2538.16,2552.80,2419.88,2420.60
"Sep 2, 2024",57326.97,59403.07,57136.03,59112.48,2427.97,2563.09,2426.10,2538.19
"Sep 1, 2024",58969.80,59062.07,57217.82,57325.49,2513.42,2515.47,2401.89,2427.90
"Aug 31, 2024",59117.48,59432.59,58768.79,58969.90,2525.86,2532.39,2493.71,2513.39
"Aug 30, 2024",59388.60,59896.89,57768.53,59119.48,2528.73,2539.92,2432.83,2525.82
"Aug 29, 2024",59027.47,61184.08,58786.23,59388.18,2528.36,2595.98,2507.50,2528.79
"Aug 28, 2024",59507.93,60236.45,57890.68,59027.63,2458.90,2553.82,2422.29,2528.42
"Aug 27, 2024",62879.71,63210.80,58116.75,59504.13,2681.62,2700.15,2401.18,2458.73
"Aug 26, 2024",64342.23,64489.71,62849.56,62880.66,2749.25,2763.00,2668.89,2681.34
"Aug 25, 2024",64176.37,64996.42,63833.52,64333.54,2769.10,2793.01,2736.09,2749.16
"Aug 24, 2024",64103.87,64513.79,63619.92,64178.99,2765.48,2820.02,2737.78,2769.39
"Aug 23, 2024",60380.95,64947.06,60372.05,64094.36,2622.92,2799.33,2622.58,2764.45
"Aug 22, 2024",61168.32,61408.11,59815.25,60381.91,2630.86,2644.82,2587.11,2622.95
"Aug 21, 2024",59014.99,61834.35,58823.45,61175.19,2573.11,2662.95,2538.66,2631.40
"Aug 20, 2024",59493.45,61396.33,58610.88,59012.79,2637.31,2695.91,2556.75,2573.11
"Aug 19, 2024",58480.71,59612.66,57864.71,59493.45,2612.72,2648.28,2566.40,2637.31
"Aug 18, 2024",59468.13,60262.72,58445.40,58483.96,2614.11,2684.03,2596.74,2613.36
"Aug 17, 2024",58893.53,59694.67,58814.83,59478.97,2593.17,2626.67,2588.79,2614.55
"Aug 16, 2024",57560.27,59847.36,57110.02,58894.11,2570.09,2629.38,2553.07,2593.19
"Aug 15, 2024",58733.26,59838.65,56161.59,57560.10,2662.89,2675.31,2518.67,2570.09
"Aug 14, 2024",60611.05,61687.76,58472.88,58737.27,2703.59,2775.28,2636.71,2662.91
"Aug 13, 2024",59356.21,61572.40,58506.25,60609.57,2724.30,2737.99,2613.80,2703.67
"Aug 12, 2024",58719.39,60680.33,57688.90,59354.52,2553.50,2749.14,2513.39,2724.43
"Aug 11, 2024",60944.89,61778.66,58348.82,58719.48,2609.97,2718.80,2544.17,2553.25
"Aug 10, 2024",60881.23,61464.51,60287.57,60945.81,2599.58,2642.93,2580.66,2610.02
"Aug 9, 2024",61728.21,61751.86,59587.86,60880.11,2683.72,2706.45,2555.23,2599.60
"Aug 8, 2024",55030.03,62673.77,54766.73,61710.14,2336.92,2721.95,2322.53,2683.35
"Aug 7, 2024",56040.63,57726.88,54620.51,55027.46,2458.99,2551.56,2312.17,2336.59
"Aug 6, 2024",53991.35,57059.92,53973.27,56034.32,2417.27,2553.58,2416.53,2458.72
"Aug 5, 2024",58110.30,58268.83,49121.24,53991.46,2686.03,2695.89,2122.55,2417.21
"Aug 4, 2024",60676.09,61062.99,57210.80,58116.98,2903.09,2931.47,2639.57,2686.40
"Aug 3, 2024",61414.81,62148.37,59836.53,60680.09,2985.95,3015.30,2861.18,2903.39
"Aug 2, 2024",65353.50,65523.22,61184.89,61415.07,3201.60,3214.53,2965.73,2986.01
"Aug 1, 2024",64625.84,65593.24,62248.94,65357.50,3231.25,3241.78,3078.54,3201.56
"Jul 31, 2024",66201.27,66810.21,64532.05,64619.25,3278.69,3347.64,3216.07,3231.30
"Jul 30, 2024",66819.05,66987.67,65323.19,66201.02,3320.64,3365.32,3235.76,3278.67
"Jul 29, 2024",68259.05,69987.54,66532.59,66819.91,3271.45,3396.63,3257.72,3320.54
"Jul 28, 2024",67808.66,68301.85,67085.83,68255.87,3247.51,3283.15,3201.76,3271.46
"Jul 27, 2024",67911.81,69398.51,66705.22,67813.34,3275.89,3327.43,3195.36,3247.61
"Jul 26, 2024",65771.81,68207.60,65743.77,67912.06,3174.05,3285.76,3172.78,3275.95
"Jul 25, 2024",65375.88,66112.42,63473.47,65777.23,3336.36,3341.44,3088.76,3174.43
"Jul 24, 2024",65927.86,67113.98,65147.00,65372.13,3482.15,3487.65,3304.04,3336.34
"Jul 23, 2024",67584.80,67779.02,65484.46,65927.67,3440.77,3539.53,3395.42,3482.00
"Jul 22, 2024",68152.98,68480.06,66611.30,67585.25,3536.63,3560.08,3425.80,3440.42
"Jul 21, 2024",67164.91,68372.91,65842.30,68154.52,3519.43,3546.62,3415.44,3536.61
"Jul 20, 2024",66709.92,67610.73,66299.62,67163.65,3505.72,3539.90,3482.49,3519.30
"Jul 19, 2024",63972.32,67442.64,63329.34,66710.16,3425.91,3540.59,3377.88,3505.73
"Jul 18, 2024",64104.74,65104.66,63246.16,63974.07,3388.03,3488.72,3374.99,3426.26
"Jul 17, 2024",65091.83,66066.73,63896.09,64118.79,3446.74,3516.10,3379.10,3388.75
"Jul 16, 2024",64784.42,65354.34,62487.97,65097.15,3486.14,3498.22,3351.78,3443.51
"Jul 15, 2024",60815.46,64870.15,60704.93,64870.15,3246.13,3494.10,3235.78,3489.55
"Jul 14, 2024",59225.25,61329.53,59225.25,60787.79,3176.74,3266.49,3166.43,3244.08
"Jul 13, 2024",57908.74,59787.08,57796.44,59231.95,3134.55,3199.99,3115.08,3177.20
"Jul 12, 2024",57341.20,58532.55,56590.18,57899.46,3099.99,3154.60,3048.51,3134.16
"Jul 11, 2024",57729.89,59299.43,57120.38,57344.91,3101.34,3208.94,3057.22,3100.33
"Jul 10, 2024",58033.88,59359.43,57178.41,57742.50,3066.14,3148.41,3026.61,3102.22
"Jul 9, 2024",56704.60,58239.20,56316.88,58009.23,3018.80,3105.80,3005.52,3064.03
"Jul 8, 2024",55849.57,58131.34,54321.02,56705.10,2929.86,3090.66,2826.48,3018.73
"Jul 7, 2024",58239.43,58371.12,55793.32,55849.11,3067.41,3072.81,2923.96,2929.39
"Jul 6, 2024",56659.07,58472.55,56038.96,58303.54,2981.99,3080.11,2957.40,3069.38
"Jul 5, 2024",57022.81,57497.15,53717.38,56662.38,3057.83,3106.15,2826.01,2981.60
"Jul 4, 2024",60147.14,60399.68,56777.80,56977.70,3291.82,3309.20,3054.52,3054.52
"Jul 3, 2024",62034.33,62187.70,59419.39,60173.92,3416.25,3426.33,3254.52,3292.92
"Jul 2, 2024",62844.41,63203.36,61752.75,62029.02,3439.38,3459.76,3399.03,3416.35
"Jul 1, 2024",62673.61,63777.23,62495.51,62851.98,3432.61,3513.31,3425.32,3440.34
"Jun 30, 2024",60888.45,62892.83,60632.95,62678.29,3373.08,3453.21,3352.28,3432.89
"Jun 29, 2024",60319.88,61097.62,60300.96,60887.38,3373.69,3401.73,3369.55,3372.97
"Jun 28, 2024",61612.80,62126.10,59985.40,60320.14,3445.50,3482.96,3363.44,3373.64
"Jun 27, 2024",60811.23,62293.86,60585.33,61604.80,3368.89,3470.92,3362.26,3444.80
"Jun 26, 2024",61789.68,62434.14,60695.19,60811.28,3394.37,3421.51,3328.39,3369.48
"Jun 25, 2024",60266.28,62258.26,60239.75,61804.64,3350.56,3422.21,3335.56,3395.03
"Jun 24, 2024",63173.35,63292.53,58601.70,60277.41,3418.78,3430.70,3244.24,3350.26
"Jun 23, 2024",64248.96,64491.70,63180.80,63180.80,3494.95,3519.32,3408.58,3418.61
"Jun 22, 2024",64113.86,64475.47,63929.76,64252.58,3516.55,3519.50,3477.17,3494.81
"Jun 21, 2024",64837.99,65007.55,63378.89,64096.20,3511.27,3542.96,3447.94,3516.08
"Jun 20, 2024",64960.30,66438.96,64547.85,64828.66,3559.35,3623.89,3485.46,3511.09
"Jun 19, 2024",65146.66,65695.35,64693.30,64960.30,3482.35,3583.32,3466.48,3559.35
"Jun 18, 2024",66490.98,66556.70,64066.96,65140.75,3510.57,3514.18,3371.59,3483.68
"Jun 17, 2024",66636.52,67188.32,65094.96,66490.30,3622.38,3634.29,3468.15,3511.38
"Jun 16, 2024",66189.36,66894.84,66018.25,66639.05,3566.76,3648.09,3541.53,3620.56
"Jun 15, 2024",66006.74,66402.19,65871.77,66191.00,3479.79,3589.89,3473.45,3565.55
"Jun 14, 2024",66747.57,67294.65,65056.89,66011.09,3467.97,3528.60,3366.22,3480.27
"Jun 13, 2024",68243.10,68365.78,66304.56,66756.40,3559.73,3559.73,3431.33,3469.28
"Jun 12, 2024",67321.38,69977.89,66902.45,68241.19,3497.90,3652.49,3463.78,3559.62
"Jun 11, 2024",69508.08,69549.41,66123.60,67332.03,3666.36,3669.89,3434.75,3498.33
"Jun 10, 2024",69644.31,70146.07,69232.42,69512.28,3705.88,3711.43,3648.16,3666.72
"Jun 9, 2024",69297.49,69817.52,69160.84,69647.99,3680.94,3719.37,3668.12,3705.90
"Jun 8, 2024",69324.18,69533.32,69210.74,69305.77,3677.40,3707.50,3669.64,3680.95
"Jun 7, 2024",70759.19,71907.85,68507.26,69342.59,3811.67,3838.45,3615.28,3678.63
"Jun 6, 2024",71082.84,71625.73,70119.13,70757.16,3864.26,3878.05,3761.78,3811.61
"Jun 5, 2024",70568.35,71735.41,70390.71,71082.82,3812.56,3887.49,3778.66,3864.26
"Jun 4, 2024",68804.57,71047.41,68564.64,70567.77,3766.48,3831.36,3738.13,3812.52
"Jun 3, 2024",67753.90,70230.82,67589.84,68804.78,3780.85,3848.60,3758.92,3766.39
"Jun 2, 2024",67710.27,68409.16,67315.52,67751.60,3813.28,3834.91,3752.41,3780.90
"Jun 1, 2024",67489.61,67839.77,67386.20,67706.94,3759.88,3829.29,3749.84,3813.20
"May 31, 2024",68362.52,68999.56,66633.42,67491.41,3746.86,3843.86,3723.84,3760.03
"May 30, 2024",67576.09,69500.54,67118.08,68364.99,3763.36,3823.64,3702.26,3746.85
"May 29, 2024",68296.35,68852.46,67101.49,67578.09,3840.24,3880.65,3742.04,3763.20
"May 28, 2024",69392.20,69514.64,67227.16,68296.22,3892.10,3924.90,3771.21,3840.26
"May 27, 2024",68512.18,70597.88,68232.50,69394.55,3826.13,3973.56,3821.93,3892.01
"May 26, 2024",69264.29,69506.23,68183.89,68518.09,3749.18,3879.47,3732.02,3825.90
"May 25, 2024",68526.92,69579.32,68515.82,69265.95,3726.98,3776.01,3710.53,3749.24
"May 24, 2024",67928.13,69220.30,66622.67,68526.10,3776.99,3825.12,3631.99,3726.93
"May 23, 2024",69121.30,70041.27,66356.95,67929.56,3737.18,3943.55,3552.64,3776.93
"May 22, 2024",70135.32,70623.70,68977.70,69122.34,3789.37,3810.95,3655.08,3737.22
"May 21, 2024",71443.06,71946.46,69191.13,70136.53,3663.01,3837.37,3628.10,3789.31
"May 20, 2024",66278.74,71483.56,66086.17,71448.20,3071.86,3690.81,3050.30,3663.86
"May 19, 2024",66937.93,67694.30,65937.18,66278.37,3122.82,3137.15,3056.75,3071.84
"May 18, 2024",67066.21,67387.33,66663.50,66940.80,3094.55,3146.79,3087.70,3122.95
"May 17, 2024",65231.30,67459.46,65119.32,67051.88,2945.14,3120.30,2934.11,3094.12
"May 16, 2024",66256.11,66712.43,64613.05,65231.58,3036.01,3041.81,2925.09,2945.13
"May 15, 2024",61553.99,66454.45,61330.41,66267.49,2881.22,3041.60,2864.74,3037.06
"May 14, 2024",62900.77,63092.13,61123.77,61552.79,2949.21,2959.55,2863.55,2881.16
"May 13, 2024",61451.22,63422.66,60769.84,62901.45,2928.81,2994.87,2865.13,2949.36
"May 12, 2024",60793.50,61818.16,60632.60,61448.39,2911.66,2953.05,2902.20,2928.70
"May 11, 2024",60793.36,61451.15,60492.63,60793.71,2909.85,2942.18,2888.08,2911.60
"May 10, 2024",63055.19,63446.74,60208.78,60792.78,3036.23,3052.73,2881.00,2909.79
"May 9, 2024",61191.20,63404.91,60648.07,63049.96,2973.97,3057.96,2951.22,3036.02
"May 8, 2024",62332.64,62986.09,60877.13,61187.94,3006.32,3037.20,2938.47,2973.66
"May 7, 2024",63162.76,64390.46,62285.98,62334.82,3062.75,3129.08,3003.01,3006.58
"May 6, 2024",64038.31,65494.90,62746.24,63161.95,3137.51,3220.15,3048.24,3062.73
"May 5, 2024",63892.45,64610.89,62955.30,64031.13,3117.64,3170.06,3075.59,3137.25
"May 4, 2024",62891.03,64494.96,62599.35,63891.47,3103.62,3167.54,3096.27,3117.58
"May 3, 2024",59122.30,63320.50,58848.31,62889.84,2988.13,3127.16,2960.18,3103.54
"May 2, 2024",58253.70,59602.30,56937.20,59123.43,2969.79,3015.05,2894.33,2988.17
"May 1, 2024",60609.50,60780.50,56555.29,58254.01,3011.02,3020.17,2815.92,2969.78
"Apr 30, 2024",63839.42,64703.33,59120.07,60636.86,3215.38,3249.38,2918.23,3012.29
"Apr 29, 2024",63106.36,64174.88,61795.46,63841.12,3262.34,3285.47,3116.20,3215.43
"Apr 28, 2024",63423.52,64321.48,62793.60,63113.23,3252.25,3351.18,3249.15,3262.77
"Apr 27, 2024",63750.99,63898.36,62424.72,63419.14,3129.73,3279.45,3071.34,3252.17
"Apr 26, 2024",64485.37,64789.66,63322.40,63755.32,3156.38,3166.19,3103.10,3130.16
"Apr 25, 2024",64275.02,65275.21,62783.63,64481.71,3139.62,3190.98,3074.80,3156.51
"Apr 24, 2024",66408.72,67075.37,63589.87,64276.90,3219.96,3292.92,3105.98,3139.81
"Apr 23, 2024",66839.89,67199.24,65864.87,66407.27,3201.59,3264.42,3154.59,3219.91
"Apr 22, 2024",64935.63,67233.96,64548.18,66837.68,3147.66,3236.66,3131.37,3201.65
"Apr 21, 2024",64992.82,65723.24,64277.72,64926.64,3157.57,3197.51,3119.55,3147.29
"Apr 20, 2024",63851.10,65442.46,63172.40,64994.44,3059.48,3170.67,3021.78,3157.63
"Apr 19, 2024",63510.75,65481.60,59651.39,63843.57,3065.95,3127.11,2868.80,3059.28
"Apr 18, 2024",61275.32,64125.69,60833.48,63512.75,2984.71,3094.84,2956.13,3066.03
"Apr 17, 2024",63831.85,64486.36,59768.59,61276.69,3084.92,3123.67,2918.55,2984.73
"Apr 16, 2024",63419.30,64355.67,61716.40,63811.86,3101.14,3127.16,2997.75,3084.92
"Apr 15, 2024",65739.65,66878.65,62332.07,63426.21,3156.83,3277.56,3026.54,3101.60
"Apr 14, 2024",63836.23,65824.43,62205.85,65738.73,3005.55,3174.67,2914.42,3156.94
"Apr 13, 2024",67188.38,67931.43,60919.11,63821.47,3242.94,3299.66,2862.39,3004.90
"Apr 12, 2024",70061.38,71222.74,65254.84,67195.87,3505.33,3552.59,3103.43,3243.03
"Apr 11, 2024",70575.73,71256.23,69571.81,70060.61,3543.45,3616.19,3477.17,3505.25
"Apr 10, 2024",69140.24,71093.43,67503.56,70587.88,3505.16,3561.52,3415.18,3543.74
"Apr 9, 2024",71632.50,71742.51,68212.92,69139.02,3695.34,3724.92,3455.11,3505.16
"Apr 8, 2024",69362.55,72715.36,69064.24,71631.36,3453.50,3727.62,3409.51,3695.29
"Apr 7, 2024",68897.11,70284.43,68851.63,69362.55,3354.21,3458.51,3346.11,3453.49
"Apr 6, 2024",67840.57,69629.60,67491.72,68896.11,3318.86,3397.59,3308.98,3354.18
"Apr 5, 2024",68515.76,68725.76,66011.48,67837.64,3330.01,3345.67,3214.24,3318.89
"Apr 4, 2024",65975.70,69291.26,65113.80,68508.84,3311.50,3443.21,3253.32,3330.04
"Apr 3, 2024",65446.67,66914.32,64559.90,65980.81,3277.32,3368.11,3205.65,3311.44
"Apr 2, 2024",69705.02,69708.38,64586.59,65446.97,3504.82,3506.96,3215.99,3277.23
"Apr 1, 2024",71333.48,71342.09,68110.70,69702.15,3647.82,3648.13,3418.70,3505.03
"Mar 31, 2024",69647.78,71377.78,69624.87,71333.65,3507.95,3655.22,3507.24,3647.86
"Mar 30, 2024",69893.45,70355.49,69601.06,69645.30,3511.83,3566.08,3489.90,3507.94
"Mar 29, 2024",70744.80,70913.09,69076.66,69892.83,3561.01,3583.70,3475.73,3511.81
"Mar 28, 2024",69452.77,71546.02,68895.51,70744.95,3500.22,3609.71,3465.33,3561.29
"Mar 27, 2024",69991.90,71727.69,68381.93,69455.34,3587.31,3664.38,3460.39,3500.12
"Mar 26, 2024",69931.33,71535.74,69335.61,69987.84,3591.09,3678.79,3545.43,3587.50
"Mar 25, 2024",67234.09,71162.59,66414.84,69958.81,3454.89,3657.12,3421.79,3590.88
"Mar 24, 2024",64070.75,67622.76,63825.85,67234.17,3336.67,3470.34,3301.28,3454.64
"Mar 23, 2024",63802.72,65976.40,63038.49,64062.20,3335.59,3433.76,3273.12,3336.59
"Mar 22, 2024",65489.93,66623.75,62355.37,63778.76,3492.90,3541.90,3254.97,3333.69
"Mar 21, 2024",67911.59,68199.99,64580.92,65491.39,3514.02,3586.91,3412.22,3492.99
"Mar 20, 2024",61930.16,68115.26,60807.79,67913.67,3158.40,3534.83,3059.65,3513.39
"Mar 19, 2024",67556.13,68106.93,61536.18,61912.77,3518.35,3546.58,3149.29,3157.62
"Mar 18, 2024",68371.30,68897.13,66594.23,67548.59,3642.30,3642.50,3456.09,3517.99
"Mar 17, 2024",65316.34,68845.72,64545.32,68390.63,3523.03,3676.26,3414.17,3642.41
"Mar 16, 2024",69392.48,70046.27,64801.39,65315.12,3736.10,3780.89,3468.08,3522.86
"Mar 15, 2024",71387.88,72357.13,65630.70,69403.77,3882.86,3928.78,3571.77,3735.22
"Mar 14, 2024",73079.38,73750.07,68563.02,71396.59,4005.75,4011.10,3721.79,3883.14
"Mar 13, 2024",71482.12,73637.48,71334.09,73083.50,3980.27,4083.01,3936.63,4006.46
"Mar 12, 2024",72125.13,72825.66,68728.85,71481.29,4066.69,4092.28,3831.89,3980.27
"Mar 11, 2024",69020.55,72850.71,67194.88,72123.91,3881.24,4087.05,3745.13,4066.45
"Mar 10, 2024",68500.26,70005.20,68239.98,69019.79,3915.59,3968.72,3800.56,3881.19
"Mar 9, 2024",68299.26,68673.05,68053.13,68498.88,3892.12,3950.40,3880.66,3915.42
"Mar 8, 2024",66938.09,70083.05,66230.45,68300.09,3874.83,3998.83,3828.36,3892.06
"Mar 7, 2024",66099.74,68029.92,65655.53,66925.48,3818.31,3939.59,3738.69,3874.35
"Mar 6, 2024",63776.05,67637.93,62848.67,66106.80,3554.07,3901.43,3502.80,3819.23
"Mar 5, 2024",68341.05,69170.63,59323.91,63801.20,3631.93,3828.16,3224.12,3554.96
"Mar 4, 2024",63137.00,68537.03,62386.52,68330.41,3489.34,3641.46,3446.02,3630.43
"Mar 3, 2024",62031.58,63230.21,61435.02,63167.37,3422.88,3491.17,3372.21,3490.99
"Mar 2, 2024",62431.65,62458.70,61657.29,62029.85,3436.16,3459.75,3398.90,3422.05
"Mar 1, 2024",61168.06,63155.10,60802.53,62440.63,3341.97,3452.63,3341.85,3435.05
"Feb 29, 2024",62499.18,63585.64,60498.73,61198.38,3386.80,3518.97,3303.91,3341.92
"Feb 28, 2024",57071.10,63913.13,56738.43,62504.79,3243.89,3485.45,3201.58,3385.70
"Feb 27, 2024",54519.36,57537.84,54484.20,57085.37,3178.41,3287.96,3167.83,3244.52
"Feb 26, 2024",51730.54,54938.18,50931.03,54522.40,3112.53,3197.38,3037.95,3178.99
"Feb 25, 2024",51565.21,51950.03,51306.17,51733.24,2992.37,3117.43,2984.39,3112.70
"Feb 24, 2024",50736.37,51684.20,50585.45,51571.10,2921.96,3003.20,2907.70,2992.39
"Feb 23, 2024",51283.91,51497.93,50561.78,50731.95,2970.14,2991.33,2906.58,2921.66
"Feb 22, 2024",51854.64,52009.61,50926.29,51304.97,2969.60,3030.67,2907.11,2971.01
"Feb 21, 2024",52273.54,52368.82,50671.76,51839.18,3015.65,3017.19,2875.42,2970.36
"Feb 20, 2024",51777.73,52945.05,50792.31,52284.88,2944.11,3031.52,2879.90,3013.50
"Feb 19, 2024",52134.81,52483.32,51711.82,51779.14,2881.30,2983.37,2860.26,2943.57
"Feb 18, 2024",51661.97,52356.96,51233.71,52122.55,2786.71,2892.84,2767.91,2879.00
"Feb 17, 2024",52161.68,52191.91,50669.67,51663.00,2803.74,2805.13,2724.39,2786.67
"Feb 16, 2024",51937.73,52537.97,51641.37,52160.20,2825.48,2858.45,2760.33,2803.69
"Feb 15, 2024",51836.79,52820.07,51371.63,51938.55,2777.60,2865.85,2764.01,2824.38
"Feb 14, 2024",49733.45,52021.37,49296.83,51826.70,2641.69,2786.89,2621.03,2777.90
"Feb 13, 2024",49941.36,50358.39,48406.50,49742.44,2659.59,2686.46,2599.17,2642.19
"Feb 12, 2024",48296.39,50280.48,47745.76,49958.22,2507.58,2663.84,2473.81,2658.12
"Feb 11, 2024",47768.97,48535.94,47617.41,48293.92,2501.13,2537.68,2495.21,2507.57
"Feb 10, 2024",47153.53,48146.17,46905.32,47771.28,2487.65,2516.72,2475.86,2501.23
"Feb 9, 2024",45297.38,48152.50,45260.82,47147.20,2419.77,2522.72,2419.36,2487.52
"Feb 8, 2024",44332.13,45575.84,44332.13,45301.57,2424.08,2459.56,2414.75,2419.91
"Feb 7, 2024",43090.02,44341.95,42775.96,44318.22,2372.26,2442.64,2353.71,2423.75
"Feb 6, 2024",42657.39,43344.15,42529.02,43084.67,2298.96,2389.83,2296.79,2372.20
"Feb 5, 2024",42577.62,43494.25,42264.82,42658.67,2289.21,2334.68,2270.07,2298.89
"Feb 4, 2024",42994.94,43097.64,42374.83,42583.58,2296.12,2309.01,2272.30,2289.55
"Feb 3, 2024",43184.96,43359.94,42890.81,42992.25,2307.98,2327.35,2293.54,2296.04
"Feb 2, 2024",43077.64,43422.49,42584.34,43185.86,2303.71,2323.05,2282.23,2308.04
"Feb 1, 2024",42569.76,43243.17,41879.19,43075.77,2282.18,2309.84,2243.57,2303.82
"Jan 31, 2024",42946.25,43717.41,42298.95,42582.61,2343.56,2349.61,2264.44,2282.54
"Jan 30, 2024",43300.23,43838.95,42711.37,42952.61,2317.44,2388.87,2298.28,2344.49
"Jan 29, 2024",42030.91,43305.87,41818.33,43288.25,2257.00,2320.03,2237.71,2317.06
"Jan 28, 2024",42126.13,42797.18,41696.91,42035.59,2268.19,2306.90,2242.68,2257.21
"Jan 27, 2024",41815.63,42195.63,41431.28,42120.05,2267.32,2282.54,2252.39,2267.89
"Jan 26, 2024",39936.82,42209.39,39825.69,41816.87,2217.44,2280.38,2196.14,2267.20
"Jan 25, 2024",40075.55,40254.48,39545.66,39933.81,2233.97,2240.38,2173.69,2217.71
"Jan 24, 2024",39877.59,40483.79,39508.80,40077.07,2241.75,2261.38,2197.66,2233.56
"Jan 23, 2024",39518.71,40127.35,38521.89,39845.55,2310.95,2348.03,2167.28,2240.69
"Jan 22, 2024",41553.65,41651.21,39450.12,39507.37,2454.99,2463.45,2303.50,2310.83
"Jan 21, 2024",41671.49,41855.37,41497.01,41545.79,2469.80,2479.76,2452.38,2453.91
"Jan 20, 2024",41624.59,41877.89,41446.82,41665.59,2489.85,2489.85,2456.10,2469.59
"Jan 19, 2024",41278.46,42134.16,40297.46,41618.41,2468.69,2501.31,2414.71,2489.50
"Jan 18, 2024",42742.31,42876.35,40631.17,41262.06,2528.59,2546.26,2426.14,2467.02
"Jan 17, 2024",43132.10,43189.89,42189.31,42742.65,2587.04,2592.74,2508.43,2528.37
"Jan 16, 2024",42499.34,43566.27,42086.00,43154.95,2510.63,2613.57,2500.00,2587.69
"Jan 15, 2024",41715.07,43319.72,41705.42,42511.97,2471.67,2550.77,2470.82,2511.36
"Jan 14, 2024",42842.26,43065.60,41724.61,41796.27,2578.00,2578.33,2470.42,2472.24
"Jan 13, 2024",42799.45,43234.66,42464.14,42842.38,2522.93,2589.08,2498.59,2576.60
"Jan 12, 2024",46354.79,46498.14,41903.77,42853.17,2619.18,2710.42,2460.93,2524.46
"Jan 11, 2024",46656.07,48969.37,45678.64,46368.59,2584.17,2687.78,2567.99,2619.62
"Jan 10, 2024",46121.54,47647.22,44483.15,46627.78,2344.92,2626.98,2341.94,2582.10
"Jan 9, 2024",46987.64,47893.70,45244.71,46139.73,2332.87,2369.64,2243.22,2344.83
"Jan 8, 2024",43948.71,47218.00,43244.08,46970.50,2222.86,2358.82,2171.99,2333.03
"Jan 7, 2024",43998.46,44495.57,43662.23,43943.10,2242.01,2257.13,2211.56,2222.87
"Jan 6, 2024",44178.95,44227.63,43475.16,43989.20,2269.54,2271.36,2219.78,2241.62
"Jan 5, 2024",44192.98,44353.29,42784.72,44162.69,2269.41,2276.76,2209.54,2268.65
"Jan 4, 2024",42855.82,44770.02,42675.18,44179.92,2210.53,2294.61,2204.87,2269.04
"Jan 3, 2024",44961.60,45503.24,40813.54,42848.18,2355.98,2385.12,2113.93,2210.76
"Jan 2, 2024",44187.14,45899.71,44176.95,44957.97,2352.59,2431.21,2348.89,2355.84
"Jan 1, 2024",42280.23,44175.44,42214.98,44167.33,2282.87,2352.33,2267.02,2352.33