Date,Bitcoin Open,Bitcoin High,Bitcoin Low,Ethereum Open,Ethereum High,Ethereum Low,Dogecoin Open,Dogecoin High,Dogecoin Low,Solana Open,Solana High,Solana Low,Cardano Open,Cardano High,Cardano Low,Binance Open,Binance High,Binance Low,Avalanche Open,Avalanche High,Avalanche Low,Litecoin Open,Litecoin High,Litecoin Low,Monero Open,Monero High,Monero Low,Dash Open,Dash High,Dash Low,,,,
"Dec 31, 2024",92643.25,96090.6,91914.03,3356.39,3444.4,3311.41,0.313518,0.327866,0.309403,191.05,198.68,187.98,0.860024,0.872263,0.841744,704.15,713.6,698.03,35.91,37.15,34.96,99.31,104.5,97.81,212.53,212.62,205.27,38.55,39.4,37.51,,,,
"Dec 30, 2024",93527.2,94903.32,91317.13,3349.59,3428.53,3298.8,0.31432,0.32248,0.306547,189.74,196.12,185.94,0.858641,0.896195,0.830983,693.75,711.04,686.91,35.83,37.09,34.87,98.28,102.72,97.57,209.09,212.64,208.5,39.74,41.52,37.54,,,,
"Dec 29, 2024",95174.05,95174.88,92881.79,3397.86,3406.65,3321.66,0.323917,0.328933,0.311667,195.02,197.18,188.34,0.887817,0.907943,0.85229,720.96,722.77,689.48,37.66,37.68,35.52,100.58,101.38,96.84,213.22,214.66,208.47,43.17,43.66,39.33,,,,
"Dec 28, 2024",94160.19,95525.9,94014.29,3328.77,3419.92,3318.03,0.311056,0.325858,0.311056,183.83,195.44,183.83,0.874775,0.895069,0.867825,690.43,729.32,690.43,36.48,38.02,36.3,100.32,101.44,98.68,209.97,213.35,208.23,39.21,43.6,38.81,,,,
"Dec 27, 2024",95704.98,97294.84,93310.74,3331.05,3436.71,3302.58,0.312255,0.323847,0.309764,188.22,193.75,182.95,0.85978,0.911337,0.857433,688.35,709.65,685.2,37.28,38.94,36.32,102.14,106.14,99.75,206.94,211.29,205.89,40.63,42.21,38.94,,,,
"Dec 26, 2024",99297.7,99884.57,95137.88,3493.3,3512.6,3302.31,0.334304,0.337381,0.308998,197.48,199.4,186.86,0.916854,0.924634,0.853079,702.33,718.16,683.26,40.25,40.62,37.01,109.58,110.13,101.16,208.62,211.33,205.04,45.77,46.28,40.61,,,,
"Dec 25, 2024",98675.91,99478.75,97593.47,3491.96,3542.83,3440.1,0.336926,0.341366,0.326899,196.99,201.63,195.35,0.936465,0.936551,0.904098,696.74,711.99,695.96,41.21,41.81,39.87,108.32,110.3,107.16,212.13,213.11,204.39,43.74,48.95,43.6,,,,
"Dec 24, 2024",94684.34,99404.06,93448.02,3415.74,3535.86,3355.61,0.324218,0.339434,0.316393,189.75,198.7,186.12,0.924243,0.947713,0.892834,693,698.44,682,39.03,41.9,37.73,106.54,110.58,104,201.29,213.71,196.8,38.96,45.38,38.33,,,,
"Dec 23, 2024",95099.39,96416.21,92403.13,3277.51,3461.53,3217.37,0.312199,0.327882,0.303278,180.17,193.05,176.72,0.882984,0.939546,0.865227,648.7,697.4,637.97,36.52,39.56,35.7,99.58,107.34,98.17,211.42,213.59,197.07,35.27,39.63,34.52,,,,
"Dec 22, 2024",97218.32,97360.27,94202.19,3337,3398.66,3219.29,0.320904,0.324032,0.305718,181.29,187.53,177.13,0.904687,0.921685,0.863091,663.27,668.83,639.61,37.4,38.47,35.6,101.46,103.7,97.07,220.5,221.47,210.83,35.56,37.08,34.53,,,,
"Dec 21, 2024",97756.2,99507.1,96426.52,3472.59,3552.92,3293.51,0.317719,0.349406,0.315249,194.21,201.63,178.74,0.951011,0.99591,0.889876,678.09,692.64,652.61,39.82,42.3,36.98,101.36,105.83,98.25,216.81,228.37,214.71,38.1,40.47,35.13,,,,
"Dec 20, 2024",97484.7,98098.91,92175.18,3417.93,3496.33,3098.2,0.315054,0.328057,0.26444,194.28,199.36,175.91,0.885489,0.956713,0.765889,666.57,679.44,619.5,38.91,40.29,33.68,99.68,103.02,86.89,228.51,229.6,216.78,36.39,38.4,31.54,,,,
"Dec 19, 2024",100070.69,102748.15,95587.68,3619.58,3717.66,3330.87,0.358047,0.367036,0.302769,206.38,212,188.03,0.968439,0.987184,0.853876,687.62,704.49,651.04,42.8,43.53,37.69,108.54,111.43,95.21,227.28,234.1,224.58,38.78,40.16,34.84,,,,
"Dec 18, 2024",106147.3,106470.61,100041.54,3886.89,3902.72,3617.84,0.394341,0.396163,0.356494,222.82,225.89,205,1.051527,1.057945,0.968378,716.72,721.76,686.66,47.84,48.16,42.77,124.76,128.51,108.52,224.15,229.4,222.83,44.27,44.72,38.73,,,,
"Dec 17, 2024",106030.69,108268.45,105291.73,3987.33,4040.34,3849.29,0.401935,0.409899,0.391596,216.33,228.69,211.91,1.078846,1.109043,1.045289,720.33,735.76,713.73,48.99,50.81,47.61,118.15,130.59,114.82,218.53,224.39,211.53,44.87,46.69,43.7,,,,
"Dec 16, 2024",104293.58,107780.58,103322.98,3951.65,4106.96,3882.71,0.406295,0.413594,0.392736,223.66,227.04,213.48,1.101666,1.115706,1.052016,719.13,730,704.34,50.76,51.91,48.48,121.14,123.52,115.62,229.63,234.24,214.36,47.17,48.07,43.47,,,,
"Dec 15, 2024",101373.53,105047.54,101227.03,3868.44,3971.5,3832.1,0.397972,0.409835,0.392909,219.84,225.07,215.91,1.060511,1.107088,1.042632,715.7,723.07,703.18,49.83,51.27,48.16,118.19,122,114.92,223.41,230.48,222.27,46.1,47.42,44.6,,,,
"Dec 14, 2024",101451.44,102618.88,100634.05,3910.85,3943.28,3826.76,0.409081,0.412754,0.388139,224.84,227.24,215.34,1.119602,1.13113,1.045928,726.25,731.66,705.54,52.7,53.74,49.46,124.18,124.97,115.6,217.19,226.68,216.49,48.75,48.95,45.12,,,,
"Dec 13, 2024",100046.65,101888.8,99233.28,3883.03,3967.4,3855.02,0.406548,0.411687,0.399862,227.03,228.27,220.82,1.125006,1.127485,1.081352,705.94,729.63,698.5,53.12,53.94,50.96,119.27,124.77,117.44,208.96,219.24,205.64,48.74,49.56,47.71,,,,
"Dec 12, 2024",101167.8,102524.91,99339.95,3833.17,3987.01,3800.09,0.414495,0.423359,0.401744,227.45,234.33,225.95,1.088849,1.17675,1.077265,711.81,725.22,700.11,48.37,55.19,48.33,117.53,124.92,116.77,213.75,216.18,206.77,49.11,51.24,47.68,,,,
"Dec 11, 2024",96656.06,101913.36,95747.23,3631.28,3850.77,3567.57,0.394512,0.418788,0.376633,213.84,230.51,211.99,1.020292,1.109284,0.976946,676.98,712.88,660.15,44.64,48.38,42.93,109.87,118.58,106.51,216.15,224.49,210.54,45.6,49.76,43.57,,,,
"Dec 10, 2024",97441.23,98270.16,94321.26,3719,3780.75,3520.37,0.414722,0.422407,0.36684,217.33,220.74,203.72,1.007547,1.036173,0.914969,689.92,704.56,650.6,45.23,46.41,41.45,110.84,114.72,101.69,226.81,230.98,212.75,47.29,47.68,40.24,,,,
"Dec 9, 2024",101237.06,101272.51,94355.91,4006.1,4008.78,3525.23,0.467299,0.467299,0.384721,237.46,237.46,209.71,1.196296,1.196415,0.952205,743.3,743.3,662.24,54.11,54.17,41.21,135.17,135.17,104.14,236.33,237.59,226.72,58.36,58.36,42.57,,,,
"Dec 8, 2024",99921.91,101399.99,98771.52,4007.69,4018,3927.85,0.453891,0.48351,0.44824,239.49,241.44,233.71,1.214481,1.222152,1.176678,751.73,757.59,729.05,51.75,54.34,50.49,133.85,135.29,130.44,234.76,237.78,231.94,59.87,60.27,57.85,,,,
"Dec 7, 2024",99916.71,100563.38,99030.88,4006.03,4029.45,3974.18,0.435712,0.466039,0.432128,237.05,243.12,234.66,1.231081,1.234575,1.193021,732.01,761.09,730.87,52.59,53.04,51.34,136.24,138.58,132.2,233.37,237.32,230.63,61.84,62.86,58.65,,,,
"Dec 6, 2024",97074.23,102039.88,96514.88,3792.21,4093.17,3782.68,0.427894,0.441782,0.42126,236.54,246.42,231.43,1.163156,1.234642,1.143022,717.96,746.13,708.44,50.45,53.48,49.93,136.16,138.82,130.9,229.15,238.47,227.3,64.93,65.38,59.38,,,,
"Dec 5, 2024",98741.54,103900.47,91998.78,3840.84,3956.54,3683.42,0.431903,0.463404,0.409011,229.12,244.68,223.46,1.187235,1.238354,1.126287,739.25,739.95,695.94,52.81,53.55,49.93,134.25,146.61,125.58,239.2,239.54,227.75,58.49,71.26,56.08,,,,
"Dec 4, 2024",95988.53,99207.33,94660.52,3620.04,3895.17,3617.74,0.407851,0.435626,0.401959,234.2,240.72,225.25,1.198083,1.240175,1.149205,737.7,793.35,723.54,51,55.7,50.95,131.79,135.08,122.3,237.13,241.58,233.36,57.55,62.72,55.93,,,,
"Dec 3, 2024",95854.59,96297.2,93629.56,3643.74,3670.22,3504.23,0.424672,0.428049,0.391472,225.77,239.27,216.47,1.201791,1.318681,1.169829,647.7,744.78,625.97,52.31,53.76,48.55,133.27,134.55,123.52,238.59,239.1,229.4,52.31,61.71,52.29,,,,
"Dec 2, 2024",97276.01,98152.6,94482.87,3710.5,3761.34,3557.25,0.440049,0.460245,0.405112,237.07,237.88,220.55,1.155286,1.230685,1.061597,655.93,667.42,629.91,45.09,52.34,45.09,119.87,139.02,115.53,229.68,238.83,229.27,46.22,58.12,46.14,,,,
"Dec 1, 2024",96461.34,97888.13,95770.19,3706.62,3747.46,3663.23,0.421968,0.449281,0.417694,237.74,239.81,234.53,1.078936,1.158493,1.040986,654.33,664.29,646.6,44.89,45.69,43.87,102.67,120.99,99.65,230.35,235.34,227.73,39.52,46.37,38.02,,,,
"Nov 30, 2024",97468.81,97499.34,96144.22,3593.6,3739.93,3572.25,0.425839,0.434701,0.415361,243.55,245.24,237.72,1.076887,1.147085,1.053841,654.81,676.92,648.89,44.92,46.19,43.76,104.04,104.66,100.58,229.35,237.47,228.81,37.49,40.36,36.85,,,,
"Nov 29, 2024",95653.95,98693.17,95407.88,3579.91,3647.26,3538.45,0.402019,0.437086,0.399992,237.76,246.78,236.82,1.033508,1.097796,1.030457,654.36,663.32,649.16,42.84,45.04,42.61,95.66,104.41,94.87,224.56,231.88,224.54,36.84,37.55,35.27,,,,
"Nov 28, 2024",95954.95,96650.2,94677.35,3656.61,3664.88,3531.87,0.401515,0.427305,0.392259,242.3,245.2,233.2,1.013348,1.045769,0.977038,644.95,663.02,641.62,43.91,44.16,41.62,97.28,98.29,93.85,227.05,228.32,222.12,38.17,38.17,35.37,,,,
"Nov 27, 2024",91978.14,97361.18,91778.66,3326.03,3687.01,3303.57,0.387615,0.408052,0.381691,230.97,243.12,228.13,0.961184,1.036714,0.935438,613.59,646.85,608.62,42.78,44.37,42.08,93.04,98.99,91.78,222.72,227.82,219.54,33.19,38.36,32.99,,,,
"Nov 26, 2024",93087.28,94991.75,90770.81,3412.95,3461.29,3255.54,0.393311,0.408372,0.367319,234.45,239.64,222.96,0.945684,0.988377,0.879721,636.64,645.29,600.99,41.39,43.26,38.66,92.36,95.09,88.28,221.55,227.39,219.01,33.31,35.38,31.01,,,,
"Nov 25, 2024",98033.45,98935.03,92642.91,3364.6,3545.28,3304.09,0.429895,0.437042,0.381515,252.92,256.42,231.55,1.023112,1.06992,0.93355,660.32,675.96,627.27,42.04,47.63,40.28,96.95,98.97,91.4,220.12,225.77,219.16,34.14,35.12,32.57,,,,
"Nov 24, 2024",97778.09,98647.18,95788.08,3397,3451.8,3288.43,0.430012,0.452428,0.400967,255.18,259.63,243.12,1.0662,1.09454,0.948341,651.2,687.34,638.92,41.49,42.98,38.78,99.39,102.71,92.37,213.94,222.97,213.66,33.8,36.42,32.04,,,,
"Nov 23, 2024",99006.74,99014.68,97232.89,3331.65,3499.37,3317.65,0.412924,0.47746,0.405566,256.52,263.83,253.19,1.010422,1.141682,1.010417,633.51,679.42,632.25,43.09,45.05,40.92,92.07,105.69,92.07,205.21,219.5,204.82,29.79,35.22,29.48,,,,
"Nov 22, 2024",98496.43,99655.5,97222.66,3360.65,3428.46,3262.81,0.387626,0.419192,0.38152,257.08,263.7,252.14,0.820486,1.038425,0.815233,622.83,639.73,617.45,35.82,43.26,35.27,89.54,92.36,88.17,222.46,228.28,195.42,28.76,29.88,28.38,,,,
"Nov 21, 2024",94334.64,99014.22,94132.6,3072.06,3388.54,3035.85,0.377497,0.394944,0.370012,235.43,259.05,230.34,0.800342,0.820547,0.770386,606.12,629.36,594.55,33.59,36.15,32.44,83.37,90.93,81.88,227.06,239.02,220.81,27.36,29.53,27.05,,,,
"Nov 20, 2024",92341.89,94902.02,91619.5,3111.12,3159.95,3032.6,0.39134,0.395599,0.366569,238.09,242.11,230.91,0.739637,0.846629,0.739472,615.99,620.47,600.77,34.27,35.7,32.86,86.82,87.7,82.62,220.14,229.21,217.63,28.56,28.56,26.81,,,,
"Nov 19, 2024",90536.81,94002.87,90426.98,3208.25,3222,3070.36,0.37174,0.418334,0.36802,239.8,247.09,234.15,0.73458,0.763529,0.723858,619.44,621.58,606.56,35.45,35.61,33.64,89.18,89.98,85.39,225.93,235.05,216.4,29.59,30.01,28.16,,,,
"Nov 18, 2024",89843.72,92596.79,89393.59,3075.72,3225.13,3052.49,0.36657,0.379906,0.359235,237.58,248.19,234.4,0.702301,0.779658,0.702262,618.4,629.1,613.06,34.74,36.11,34.26,87.06,94.33,86.68,221.24,227.03,194.74,27.39,29.79,27.39,,,,
"Nov 17, 2024",90558.46,91433.04,88741.66,3133.31,3160.15,3039.25,0.36375,0.373558,0.341699,215.85,241.24,212.73,0.738731,0.767812,0.697027,622.37,646.45,606.19,35.11,37.18,33.22,95.32,96.93,85.19,234.28,239.64,216.77,30.01,30.27,27.07,,,,
"Nov 16, 2024",91064.37,91763.95,90094.23,3089.74,3218.09,3073.29,0.37919,0.389879,0.361303,218.57,221.66,213.8,0.703398,0.811656,0.703316,618.99,633.49,617.87,33.1,35.61,32.88,83.7,97.89,83.03,238.59,242.04,232.3,27.8,30.22,27.66,,,,
"Nov 15, 2024",87284.18,91868.74,87124.9,3059.53,3130.7,3016.14,0.361713,0.384246,0.354469,209.24,219.54,204.83,0.580137,0.689216,0.578542,621.68,628.17,604.23,31.16,33.24,30.66,82.07,87.05,79.09,232.68,239.88,231.5,25.08,27.98,24.82,,,,
"Nov 14, 2024",90574.88,91765.22,86682.81,3192.52,3240.27,3032.97,0.399523,0.414704,0.355808,215.18,222.64,207.5,0.578775,0.598058,0.545862,621,659.53,612.53,33.13,34.68,30.8,75.45,84.4,74.46,221.93,243.03,221.83,25.52,26.37,24.66,,,,
"Nov 13, 2024",87929.97,93434.35,86256.93,3244.54,3337.88,3121.67,0.382218,0.431624,0.356609,212.21,220.34,201.47,0.573943,0.605301,0.521302,627,638.89,600.52,34.05,35.03,31.27,76.93,77.83,72.06,218.09,225.42,216.37,26.34,26.59,24.53,,,,
"Nov 12, 2024",88705.56,89956.88,85155.11,3375.15,3444.15,3211.2,0.349521,0.435863,0.333432,222.64,225.01,205.45,0.613808,0.649633,0.558212,661.89,666.92,613.62,35.76,37.64,32.82,80.12,82.56,74.37,213.98,225.28,212.29,26.76,27.2,24.88,,,,
"Nov 11, 2024",80471.41,89604.5,80283.25,3191.66,3389.53,3109.77,0.279095,0.349602,0.276142,210.61,223.22,204.56,0.590305,0.622249,0.567807,628.3,664.14,614.02,31.98,35.76,30.79,76.52,80.18,74.82,218.84,223.69,209.25,25.94,26.79,25.47,,,,
"Nov 10, 2024",76775.55,81474.42,76565.43,3130.73,3249.91,3073.25,0.218794,0.296614,0.217302,200.2,215.18,198.98,0.493678,0.652301,0.489937,624.37,643.66,613.57,30.42,33.23,29.78,74.06,78.21,73.83,221.17,225.85,218.48,24.92,26.9,24.65,,,,
"Nov 9, 2024",76556.19,76932.77,75773.79,2962.79,3156.37,2957.18,0.202131,0.219737,0.197825,199.94,203.35,195.47,0.443817,0.493895,0.428969,597.95,637.84,597.85,28.78,30.43,28.6,72.8,74.14,71.79,220.68,222.99,217.25,23.78,24.95,23.76,,,,
"Nov 8, 2024",75902.84,77252.75,75648.74,2895.6,2983.74,2889.48,0.193159,0.206564,0.191289,196.33,204.97,196.02,0.405013,0.457889,0.404759,598.44,605.92,589.55,27.38,28.78,27.18,71.49,73.03,70.84,221.48,222.55,213.16,23.5,23.78,23.28,,,,
"Nov 7, 2024",75637.09,76943.12,74480.42,2724.01,2918.74,2701.59,0.196658,0.203478,0.186255,186.95,197.9,186.14,0.363323,0.405013,0.362033,592,610.32,588.66,27.03,27.99,26.61,71.02,72.35,70.05,222.82,226.86,213.25,23.33,23.91,23.22,,,,
"Nov 6, 2024",69358.5,76460.16,69322.03,2422.54,2743.96,2421.81,0.170188,0.213336,0.169694,166.72,189.92,166.7,0.333926,0.365032,0.333921,563.61,594.86,563.28,24,27.27,24,65.44,71.51,65.44,214.56,223.54,212.27,21.99,23.37,21.99,,,,
"Nov 5, 2024",67811.17,70522.79,67458.87,2397.04,2478.62,2380.6,0.158345,0.17884,0.158179,157.75,169.13,156.99,0.326027,0.337894,0.326013,552.07,571.97,551.25,22.71,24.42,22.62,65.49,67.22,65.2,207.61,219.6,202.58,21.45,22.12,21.43,,,,
"Nov 4, 2024",68742.13,69433.18,66803.65,2456.1,2488.35,2359.58,0.151454,0.159894,0.148581,162.55,164.71,155.17,0.334285,0.336085,0.321399,557.64,564.2,543.91,23.54,23.89,22.38,66.91,67.6,64.64,203.9,213.83,195.86,21.81,22.12,21.21,,,,
"Nov 3, 2024",69296.38,69361.66,67482.52,2491.09,2495.44,2411.4,0.159316,0.159627,0.142823,166.01,166.38,158.14,0.347764,0.347911,0.329236,568.04,569.05,547.82,24.09,24.17,22.63,69.13,69.23,65.53,217.56,223.5,199.54,22.24,22.3,21.12,,,,
"Nov 2, 2024",69486.02,69867.35,69033.72,2512.21,2522.36,2471.96,0.159189,0.163298,0.156035,166.26,168.46,162.39,0.357093,0.362871,0.346304,572.76,576.42,562.95,24.79,25,24.01,70.21,71.19,69.01,230.69,232.04,212.36,22.34,22.72,22.12,,,,
"Nov 1, 2024",70216.9,71559.02,68779.7,2515.87,2583.78,2467.82,0.161372,0.168242,0.15442,168.43,173.85,164.03,0.341846,0.361007,0.335418,576.03,584.8,568.16,25.02,25.68,24.43,69.2,70.94,67.79,221.9,235.33,217.99,22.2,22.71,21.87,,,,
"Oct 31, 2024",72335.05,72662.31,69590.5,2657.21,2667.56,2501.57,0.168146,0.172997,0.156546,174.93,176.28,167.58,0.355265,0.360552,0.341094,595.73,596.07,571.43,26.2,26.2,24.69,71.84,71.95,68.52,208.31,221.93,206.35,23.13,23.17,22.14,,,,
"Oct 30, 2024",72715.37,72905.3,71411.73,2637.64,2720.27,2600.61,0.175839,0.177535,0.16525,179.36,181.15,173.4,0.355655,0.363026,0.351304,605.67,606.07,594.45,26.85,26.87,26.03,73.98,74.14,71.53,205.61,210.28,203.6,23.34,23.43,22.92,,,,
"Oct 29, 2024",69910.05,73577.21,69729.91,2565.42,2680.05,2560.15,0.161152,0.179227,0.160826,178.1,183.04,176.86,0.343794,0.356191,0.343246,600.6,611.78,599.95,26.26,27.12,26.19,70.72,74.27,70.72,202.52,209.85,202.1,22.62,23.38,22.59,,,,
"Oct 28, 2024",67922.67,70212.27,67535.13,2505.59,2587.43,2470.27,0.144311,0.16201,0.141176,176.55,179.41,172.87,0.339872,0.346958,0.33123,588.72,603.72,585.12,25.73,26.48,25.06,71.08,71.44,69.7,199.91,204.23,190.57,22.28,22.73,22.05,,,,
"Oct 27, 2024",67023.48,68221.31,66847.23,2479.94,2523.17,2462.27,0.137357,0.145857,0.136057,170.71,177.9,170.19,0.333351,0.34138,0.331356,582.81,590.12,581.26,25.39,25.88,25.24,68.4,71.09,68.01,198.3,207.96,195.15,22.12,22.41,21.97,,,,
"Oct 26, 2024",66628.73,67317.92,66360.59,2436.05,2503.23,2427.46,0.131013,0.137831,0.130839,164.76,172.82,162.44,0.324414,0.333894,0.321568,574.25,586.17,571.33,24.89,25.62,24.59,68.65,69.51,68.14,199.27,199.67,193.74,21.83,22.28,21.68,,,,
"Oct 25, 2024",68165.3,68722.16,65521.79,2534.45,2563.73,2381.45,0.141988,0.1424,0.128548,177.16,177.19,160.04,0.346322,0.346492,0.320475,594.15,596.95,567.06,26.83,26.84,24.18,71.08,72.19,67.39,190.72,200.24,189.46,23.44,23.5,21.4,,,,
"Oct 24, 2024",66653.7,68798.96,66454.1,2523.61,2559.15,2506.72,0.139901,0.143502,0.13645,171.11,179,170.52,0.349905,0.354364,0.340196,584.65,597.53,583.03,26.76,27.2,26.42,70.04,71.26,69.29,201.07,201.08,189.1,23.27,23.54,22.96,,,,
"Oct 23, 2024",67362.38,67402.74,65188.04,2620.09,2624.45,2457.17,0.139511,0.140604,0.133279,167.26,173.82,164.19,0.36382,0.368221,0.343327,593.36,593.81,573.09,27.6,27.65,25.92,69.93,70.2,67.91,194.04,201.34,183.69,23.44,23.45,22.6,,,,
"Oct 22, 2024",67360.7,67801.58,66581.37,2665.66,2669.79,2605.62,0.14369,0.147883,0.136848,166.22,170.76,163.29,0.360958,0.367268,0.355866,598.82,599.52,587.2,27.75,28.19,27.27,70.72,71.45,69.41,203.78,205.64,193.06,23.92,23.92,23.22,,,,
"Oct 21, 2024",69002,69462.73,66829.85,2746.31,2765.55,2655.29,0.142084,0.149533,0.138433,166.94,171.43,161.81,0.364842,0.371905,0.353499,605.52,610.92,591.7,28.94,29.28,27.41,74.31,74.51,70.49,196.71,206.22,196.55,24.65,24.7,23.75,,,,
"Oct 20, 2024",68364.18,69359.01,68105.72,2648.67,2756.44,2635.95,0.144526,0.145246,0.137577,159.64,167.59,157.77,0.35166,0.365148,0.348623,597.97,606.32,593.74,28.11,28.96,27.78,74.88,75.59,73.71,194.45,198.59,188.17,24.17,24.65,23.84,,,,
"Oct 19, 2024",68418.98,68668.01,68024.64,2641.49,2661.87,2631.66,0.137213,0.146544,0.13719,154.98,159.71,153.91,0.350709,0.356633,0.349649,599.36,601,595.73,28.1,28.42,27.74,73.13,75.88,73.11,200.87,202.05,193.43,23.73,24.17,23.71,,,,
"Oct 18, 2024",67419.11,68969.75,67177.82,2604.81,2674.37,2595.96,0.12966,0.140527,0.129647,150.32,156.54,149.7,0.343027,0.352515,0.34291,592.04,602.17,591.7,27.26,28.14,27.11,72.74,74.7,71.91,197.06,205.92,196.05,23.69,24.04,23.53,,,,
"Oct 17, 2024",67617.08,67912.21,66647.39,2611.19,2646.87,2577.31,0.125773,0.130649,0.120762,154.24,155.55,147.94,0.352527,0.354558,0.340342,600.82,605.83,585.72,28.04,28.23,26.88,70.07,73.9,70.02,195.4,197.21,191.8,24.05,24.17,23.47,,,,
"Oct 16, 2024",67042.46,68375.29,66758.73,2606.02,2644.85,2589.61,0.117525,0.129444,0.115931,154.72,158.14,153.08,0.358527,0.360392,0.351416,594.19,605.1,589.93,28.19,28.19,27.28,70.87,72.85,69.42,193.4,196.64,191.88,24.19,24.34,23.95,,,,
"Oct 15, 2024",66050.37,67881.68,64809.2,2629.02,2685.17,2537.94,0.116654,0.118792,0.110512,157.45,158.72,150.91,0.36389,0.369449,0.349057,588.9,598.89,578.49,29.06,29.5,27.61,66.81,71.46,65.56,190.67,197.23,186.08,24.43,24.56,23.69,,,,
"Oct 14, 2024",62848.4,66482.49,62442.15,2467.65,2652.88,2443.55,0.111336,0.117456,0.109429,147.57,157.75,147.01,0.348035,0.364846,0.342888,571.82,591.41,569.97,29.17,29.8,28.7,64.76,67.24,64.2,192.7,196.82,183.41,23.72,24.45,23.44,,,,
"Oct 13, 2024",63192.95,63272.65,62035.64,2476.52,2484.13,2436.97,0.111416,0.112005,0.108799,146.5,148.71,144.62,0.353215,0.358854,0.344653,576.45,578.06,565.13,28.63,29.31,28.32,66.21,66.25,64.5,196.92,197.29,189.27,23.99,24.2,23.33,,,,
"Oct 12, 2024",62444.62,63448.79,62443.27,2436.52,2488.24,2434.2,0.110733,0.112058,0.109457,145.38,147.14,144.76,0.351184,0.356131,0.351184,572.86,578.71,572.86,27.42,29.34,27.42,65.51,66.61,65.14,192.69,200.07,192.69,23.57,24.14,23.57,,,,
"Oct 11, 2024",60275.46,63400.87,60046.13,2383.94,2470.4,2380.5,0.10598,0.111344,0.105702,138.89,146.43,138.76,0.338894,0.354589,0.338572,562.73,577.13,560.07,25.85,27.54,25.76,64.24,65.85,64.24,188.94,195.62,187.21,22.93,23.84,22.93,,,,
"Oct 10, 2024",60581.93,61236.72,58895.21,2368.27,2417.29,2329.78,0.107937,0.10845,0.103308,139.31,140.58,135.58,0.339694,0.341166,0.332074,570.28,572.06,551.78,25.77,26.31,25.07,64.55,64.99,63.42,190.77,194.12,187.39,22.69,22.95,22.39,,,,
"Oct 9, 2024",62131.73,62508.84,60314.61,2439.84,2470.91,2350.95,0.107044,0.111132,0.106377,143.4,145.13,138.8,0.344517,0.347523,0.334501,580.4,585.07,567.14,26.33,26.65,25.7,65.65,65.89,64.15,190.19,199.7,189.3,23.17,23.34,22.59,,,,
"Oct 8, 2024",62221.64,63174.3,61843.56,2421.98,2464.13,2400.51,0.108652,0.109704,0.105352,143.99,145.45,141.24,0.351467,0.356542,0.341621,564.15,585.97,560.29,26.56,27.15,26.07,64.77,66.09,64.65,190.85,193.4,184.51,23.73,24.03,23.1,,,,
"Oct 7, 2024",62819.11,64443.71,62152.55,2439.94,2520.41,2405.13,0.11148,0.115209,0.108655,146.44,152.1,143.6,0.35723,0.367677,0.351054,570.54,580.98,564.12,26.93,27.67,26.56,67.07,67.89,64.6,189.79,193.62,185.34,24.23,24.49,23.7,,,,
"Oct 6, 2024",62084.99,62959.57,61833.15,2415.53,2456.63,2407.1,0.109487,0.112656,0.108512,142.71,146.62,142.11,0.35072,0.358203,0.348353,563.21,571.43,561.59,25.69,27.07,25.52,66.27,67.6,66.17,183.81,198.2,181.46,23.83,24.41,23.75,,,,
"Oct 5, 2024",62067.61,62371.02,61689.58,2414.85,2427.52,2390.84,0.109264,0.110063,0.107727,143.17,144.83,141.17,0.351398,0.355478,0.345982,555.38,564.82,552.34,26.24,26.39,25.13,64.94,66.28,64.84,196.52,197,181.18,23.58,23.98,23.54,,,,
"Oct 4, 2024",60754.63,62465.99,60459.94,2349.73,2440.24,2339.87,0.105099,0.110437,0.104959,136.79,144.43,136.08,0.345237,0.355605,0.343381,544.42,557.41,542.28,24.65,26.49,24.47,63.45,65.14,63.39,193.6,201.63,166.95,23.06,23.68,22.97,,,,
"Oct 3, 2024",60632.48,61469.04,59878.8,2365.21,2402.86,2311.03,0.104758,0.106638,0.101529,140.38,142.81,133.55,0.343988,0.349249,0.333255,542.71,550.51,535.38,25.38,25.63,23.94,62.95,63.94,62.12,212.6,215.44,190.02,22.89,23.28,22.27,,,,
"Oct 2, 2024",60836.32,62357.69,59996.95,2448.88,2498.12,2354.54,0.107043,0.109411,0.102509,145.29,148.83,138.92,0.352442,0.362121,0.336627,548,558,536.15,25.87,26.75,25.11,63.42,64.74,62.4,212.92,224.31,209.86,22.6,23.52,22.47,,,,
"Oct 1, 2024",63335.61,64110.98,60189.28,2603.26,2657.62,2415.08,0.114427,0.119274,0.103955,152.62,157.26,142.84,0.373214,0.385675,0.347331,567.26,582.43,538.48,27.74,28.87,25.23,66.82,68.52,62.44,212.07,224.75,208.85,24.41,24.85,22.42,,,,
"Sep 30, 2024",65634.66,65635.05,62873.62,2659.29,2662.49,2576.98,0.124669,0.124669,0.113739,158.63,159.51,152.02,0.3976,0.397621,0.371829,596.41,596.44,564.65,29.07,29.07,27.61,69.31,69.32,66.45,222.31,231.48,208.01,25.51,25.58,24.26,,,,
"Sep 29, 2024",65888.9,66069.34,65450.02,2677.63,2683.45,2635.58,0.12867,0.130302,0.124642,156.91,161.62,155.24,0.401051,0.40395,0.393626,601.57,602.66,593.05,29.33,29.45,28.31,70,70.26,68.63,210.24,222.95,206.53,25.73,25.77,25.23,,,,
"Sep 28, 2024",65792.18,66255.53,65458.04,2695.82,2704.93,2652.25,0.123714,0.13195,0.120616,157.75,159.35,155.3,0.402324,0.405639,0.39358,607.87,617.33,595.21,30.45,30.73,29.11,71.19,71.46,69.08,207.06,220.39,203.04,26.01,26.63,25.39,,,,
"Sep 27, 2024",65180.66,66480.7,64852.99,2632.24,2728.07,2616.95,0.118176,0.12808,0.117173,155.58,160.98,154.13,0.401881,0.414669,0.400441,596.78,614.47,596.5,29.15,30.78,28.96,68.52,71.2,68.4,200.26,214.21,198.78,25.98,26.42,25.8,,,,
"Sep 26, 2024",63138.55,65790.8,62669.27,2579.22,2665.99,2559.95,0.108504,0.120163,0.107145,148.02,157.86,146.87,0.381083,0.403323,0.378772,587.35,608.85,581.23,27.29,29.4,27,66.59,68.52,65.75,199.37,214.86,194.54,25.56,26.2,25.3,,,,
"Sep 25, 2024",64302.59,64804.5,62945.38,2654.36,2672.46,2557.72,0.109775,0.110884,0.10817,152.89,153.55,147.45,0.387732,0.392982,0.379394,606.52,607.76,584.86,28.48,28.48,27.19,66.72,67.77,66,179.44,200.06,175.65,25.87,26.15,25.45,,,,
"Sep 24, 2024",63326.84,64695.21,62737.42,2648.48,2671.28,2593.15,0.108156,0.110468,0.106983,144.81,153.54,143.3,0.363735,0.391218,0.358972,604.37,612.61,600.27,27.41,28.5,26.89,67.03,67.13,65.84,176.22,180.28,165.8,25.07,25.95,24.92,,,,
"Sep 23, 2024",63643.1,64733.56,62628.08,2582.77,2701.68,2541.91,0.106339,0.109084,0.10472,144.8,148.97,142.64,0.351772,0.36522,0.347138,588.09,615.72,585.51,27.34,28.14,26.68,68.6,69.27,66.76,222.49,227.06,155.66,24.92,25.41,24.73,,,,
"Sep 22, 2024",63396.8,63993.42,62440.73,2615.85,2632.04,2528.52,0.110049,0.11005,0.10402,149.53,149.87,141.38,0.358594,0.359063,0.343733,589.04,593.95,577.45,27.85,27.85,26.52,66.94,68.74,66.6,200.76,225.03,196.5,25.49,25.49,24.43,,,,
"Sep 21, 2024",63184.34,63543.36,62783.11,2560.88,2621.62,2530.84,0.105471,0.110373,0.104152,146.57,149.84,144.8,0.352113,0.359556,0.351078,568.58,590.03,566.81,27.6,28.06,27.06,65.28,67.11,64.89,198.94,203.5,193.97,25.13,25.51,24.94,,,,
"Sep 20, 2024",62941.43,64119.53,62364.61,2464.78,2571.99,2439.38,0.105031,0.107296,0.103748,142.84,151.76,141.32,0.350946,0.360931,0.34952,566.22,576.91,559.64,26.66,28.66,26.49,65.44,66.41,64.43,193.44,205.09,193.41,25.04,25.42,24.62,,,,
"Sep 19, 2024",61651.16,63872.44,61609.87,2369.37,2492.2,2369.37,0.103585,0.107074,0.103585,133.99,143.9,133.99,0.342939,0.356167,0.342939,559.04,571.72,553.51,24.64,26.75,24.64,64.76,66.02,64.76,197.07,211.73,185.09,24.65,25.39,24.65,,,,
"Sep 18, 2024",60309,61664.07,59218.25,2341.73,2369.73,2278.66,0.101137,0.10359,0.099578,131.54,133.99,127.25,0.333913,0.342936,0.328085,546.01,559.04,537.51,23.76,24.64,22.87,63.74,64.77,62.5,202.27,212.41,188.08,24,24.65,23.29,,,,
"Sep 17, 2024",58192.51,61316.09,57628.07,2295.28,2392.15,2263.79,0.099696,0.102467,0.098844,131.47,135.49,130.48,0.330305,0.342838,0.328897,533.81,552.5,529.42,23.52,24.46,23.18,62.59,64,62.02,173.87,212.15,166.56,23.41,24.16,23.19,,,,
"Sep 16, 2024",59185.23,59205.51,57501.34,2320.89,2334.79,2253.72,0.102938,0.103132,0.098458,131.5,132.3,129.14,0.338524,0.338546,0.326967,553.97,554.7,527.44,23.84,24.21,23.26,63.34,63.72,62.15,163.2,177.61,160.44,23.61,23.61,23.06,,,,
"Sep 15, 2024",60000.73,60381.92,58696.31,2418.27,2430.38,2286.63,0.105467,0.106359,0.102577,137.18,137.92,130.97,0.35448,0.355997,0.335722,553.57,561.58,552.36,25.33,25.36,23.74,65.98,66.29,63.14,162.32,165.06,161.34,24.5,24.69,23.5,,,,
"Sep 14, 2024",60569.12,60656.72,59517.88,2441.58,2442.63,2386.98,0.107113,0.107558,0.104643,139.1,139.73,135.94,0.3609,0.361754,0.352568,557.02,559.39,548.87,24.95,25.65,24.64,64.98,66.73,64.96,159.38,163.7,158.12,24.38,24.54,24.11,,,,
"Sep 13, 2024",58130.32,60648.02,57650.11,2361.74,2462.8,2338.14,0.102799,0.10829,0.101865,136.14,139.83,131.86,0.356293,0.364548,0.350782,544.3,559.51,539.06,24.03,25.09,23.68,62.85,64.99,62.45,159.27,160.42,155.61,24,24.49,23.7,,,,
"Sep 12, 2024",57343.17,58534.36,57330.1,2339.84,2390.19,2316.16,0.101378,0.103207,0.100636,132.5,136.61,132.44,0.353054,0.360463,0.35278,530.19,547.79,530.15,23.3,24.03,23.29,62.19,63.11,61.55,156.11,160.55,155.47,23.88,24.3,23.86,,,,
"Sep 11, 2024",57650.29,57991.32,55567.34,2389.6,2389.72,2279.05,0.102712,0.10297,0.098091,135.63,135.8,128.43,0.343477,0.356425,0.330506,517.48,534.51,507.24,24.36,24.49,22.93,61.55,62.4,60.24,161.24,161.24,150.1,24.03,24.09,23.33,,,,
"Sep 10, 2024",57020.1,58029.98,56419.41,2358.5,2398.5,2323.07,0.103829,0.104521,0.101661,135.03,137.81,132.63,0.343406,0.345437,0.337873,518.55,523.91,514.02,23.86,24.54,23.6,61.42,61.75,60.39,156.31,162.68,151.5,24.25,24.26,23.86,,,,
"Sep 9, 2024",54851.89,58041.13,54598.43,2297.9,2379.79,2274.12,0.09608,0.104619,0.095832,129.99,136.19,127.22,0.338654,0.348382,0.338514,503,524.61,501.98,23.22,24.31,23.18,60.9,61.73,59.79,161.96,166.33,155.78,23.9,24.37,23.74,,,,
"Sep 8, 2024",54147.93,55300.86,53653.76,2274.44,2332.36,2243.91,0.095261,0.096903,0.094047,127.72,131.52,126.81,0.325071,0.340581,0.324164,493.23,506.43,491.03,21.8,23.47,21.75,62.09,62.26,60.14,161.4,166.38,157.9,23.56,24.3,23.45,,,,
"Sep 7, 2024",53949.09,54838.14,53740.07,2223.93,2310.19,2222.1,0.092484,0.095618,0.091812,124.99,129.29,124.27,0.314719,0.32762,0.314713,486.9,499.11,483.26,21.15,21.98,21.07,63,64.09,61.76,162.35,165.09,159.43,23.22,23.77,22.93,,,,
"Sep 6, 2024",56160.19,56976.11,52598.7,2367.7,2406.51,2150.86,0.098309,0.099379,0.089373,129.33,134.17,121.06,0.325062,0.331321,0.305104,502.07,508.82,473.17,21.37,22.13,20.55,66.08,66.76,61.5,160.74,162.36,157.19,23.99,24.16,22.75,,,,
"Sep 5, 2024",57971.7,58300.58,55712.45,2448.99,2465.39,2348.86,0.098025,0.099099,0.096225,133.6,135.09,128.14,0.323524,0.339151,0.320173,507.82,512.63,497.35,21.9,22.17,21.25,65.43,68.36,64.49,160.22,163.86,159.33,24.06,24.18,23.29,,,,
"Sep 4, 2024",57430.35,58511.57,55673.16,2420.19,2488.92,2313.27,0.096715,0.099456,0.092979,127.58,134.87,123.61,0.318544,0.329102,0.308293,518.64,523.47,496.44,21.38,22.28,20.7,64.42,66.17,62.74,162.13,163.62,158.72,24.21,24.6,23.29,,,,
"Sep 3, 2024",59106.19,59815.06,57425.17,2538.16,2552.8,2419.88,0.099115,0.100706,0.096701,135,137.14,127.57,0.335966,0.339409,0.318551,526.44,537.96,518.67,22.37,22.7,21.38,65.31,66.3,64.42,156.21,166.23,154.98,23.89,24.98,23.85,,,,
"Sep 2, 2024",57326.97,59403.07,57136.03,2427.97,2563.09,2426.1,0.095354,0.09974,0.094167,128.69,135.35,127.27,0.33174,0.336962,0.325705,512.6,529.02,502.17,21.45,22.53,21.4,63.53,65.65,62.7,156.44,160.57,153.13,22.75,23.89,22.63,,,,
"Sep 1, 2024",58969.8,59062.07,57217.82,2513.42,2515.47,2401.89,0.101332,0.101461,0.094343,135.37,136,128.24,0.345351,0.345634,0.328862,532.9,532.98,508.72,22.8,22.82,21.24,65.06,65.07,63.09,150.7,157.72,147.15,23.47,23.47,22.65,,,,
"Aug 31, 2024",59117.48,59432.59,58768.79,2525.86,2532.39,2493.71,0.102043,0.102241,0.100474,138.1,138.99,134.64,0.347154,0.350115,0.345037,535.32,541.17,531.63,23.29,23.35,22.55,64.98,66.37,64.91,141.78,152.3,141.65,23.82,23.93,23.22,,,,
"Aug 30, 2024",59388.6,59896.89,57768.53,2528.73,2539.92,2432.83,0.100425,0.102382,0.097275,140.05,141.01,132.45,0.357049,0.36158,0.338823,536.63,542.81,523.06,22.91,23.6,22.28,62.49,65.36,61.75,146.94,149.99,140.72,23.31,23.84,22.97,,,,
"Aug 29, 2024",59027.47,61184.08,58786.23,2528.36,2595.98,2507.5,0.099627,0.102492,0.098535,143.89,147.22,138.27,0.350191,0.367355,0.349872,536.82,545.46,532.3,23.46,24.65,22.81,61.8,63.85,61.22,150.65,150.69,143.84,23.75,24.14,23.13,,,,
"Aug 28, 2024",59507.93,60236.45,57890.68,2458.9,2553.82,2422.29,0.099056,0.101758,0.097292,146.9,148.69,140.97,0.350511,0.360189,0.34203,533.98,546.11,523.77,24.1,24.81,23.23,60.46,62.32,59.63,150.99,152.36,145.33,23.97,24.38,23.13,,,,
"Aug 27, 2024",62879.71,63210.8,58116.75,2681.62,2700.15,2401.18,0.105292,0.106478,0.097392,157.24,159.62,145.66,0.366952,0.372491,0.346269,548.83,558.21,523.44,25.96,26.79,23.81,63.17,63.94,59.5,157.45,160.06,150.8,24.79,24.95,23.42,,,,
"Aug 26, 2024",64342.23,64489.71,62849.56,2749.25,2763,2668.89,0.109699,0.110292,0.104639,158.91,161.91,155.88,0.384976,0.387676,0.366955,574.25,575.98,547.23,26.96,27.2,25.93,64.85,65.08,63.15,162.1,162.18,156.19,26.38,26.46,24.79,,,,
"Aug 25, 2024",64176.37,64996.42,63833.52,2769.1,2793.01,2736.09,0.112631,0.112758,0.108117,160.73,161.95,155.51,0.39401,0.394026,0.378712,580.76,583.94,569.9,27.17,27.64,26.22,66.58,66.84,64.59,163.64,166.36,161.65,26.87,27.06,26.06,,,,
"Aug 24, 2024",64103.87,64513.79,63619.92,2765.48,2820.02,2737.78,0.112927,0.114947,0.111247,153.11,162.17,152.15,0.391526,0.401177,0.388484,591.81,592.77,575.84,26.52,28,26.23,66.2,67.98,65.53,165.56,165.69,161.66,27.03,27.33,26.61,,,,
"Aug 23, 2024",60380.95,64947.06,60372.05,2622.92,2799.33,2622.58,0.105308,0.115239,0.105305,143.26,153.77,143.16,0.376538,0.392283,0.374217,583.05,597.54,575.77,25.27,26.97,25.24,63.83,66.78,63.65,163.15,167.07,163.15,26.2,27.15,25.8,,,,
"Aug 22, 2024",61168.32,61408.11,59815.25,2630.86,2644.82,2587.11,0.106157,0.106822,0.104274,142.71,144.81,140.93,0.36906,0.377194,0.364739,570.02,589.42,561.22,23.53,25.27,23.1,64.28,64.32,62.66,161.1,168.61,160.73,25.85,26.49,25.68,,,,
"Aug 21, 2024",59014.99,61834.35,58823.45,2573.11,2662.95,2538.66,0.103,0.107825,0.102462,142.33,144.16,139.27,0.343685,0.377266,0.343478,569.27,575.09,547.61,22.26,23.76,22.26,64.48,64.72,62.15,157.91,163.66,157.78,25.21,25.98,24.84,,,,
"Aug 20, 2024",59493.45,61396.33,58610.88,2637.31,2695.91,2556.75,0.101506,0.105619,0.101229,144.35,148.65,141.36,0.336784,0.348154,0.336232,559.82,574.56,559.11,21.23,22.76,21.2,66.37,67.28,63.35,158.29,162.84,157.21,26.01,26.3,25.06,,,,
"Aug 19, 2024",58480.71,59612.66,57864.71,2612.72,2648.28,2566.4,0.100172,0.101807,0.098712,142.59,145.92,140.75,0.334831,0.337545,0.328842,531.61,560.66,529.61,20.82,21.24,20.44,66.38,67.4,66.07,156.91,161.47,156.3,25.88,26.02,25.31,,,,
"Aug 18, 2024",59468.13,60262.72,58445.4,2614.11,2684.03,2596.74,0.102755,0.104306,0.100169,141.8,146.96,140.96,0.336887,0.339598,0.333796,542.23,542.4,531.24,20.67,21.49,20.57,67.58,68.1,66.22,154.15,158.26,153.74,26.12,26.44,25.81,,,,
"Aug 17, 2024",58893.53,59694.67,58814.83,2593.17,2626.67,2588.79,0.100439,0.103631,0.100156,139.33,141.96,137.87,0.330472,0.338604,0.328515,519.97,547.16,518.94,20.39,20.67,20.27,66.57,67.83,65.97,156.46,160.04,152.93,25.28,26.45,24.97,,,,
"Aug 16, 2024",57560.27,59847.36,57110.02,2570.09,2629.38,2553.07,0.100267,0.102028,0.097742,142.74,144.8,136.38,0.325353,0.344953,0.321019,519.87,524.37,511.04,20.14,20.68,19.86,65.28,66.72,64.5,155.68,159.56,151.52,25.2,26,24.77,,,,
"Aug 15, 2024",58733.26,59838.65,56161.59,2662.89,2675.31,2518.67,0.102555,0.104798,0.098195,143.92,147.35,138.16,0.335456,0.341368,0.321484,524.02,533.64,511.61,20.97,21.14,19.9,64.02,66.83,63.68,162.04,162.12,154.88,25.68,25.77,24.69,,,,
"Aug 14, 2024",60611.05,61687.76,58472.88,2703.59,2775.28,2636.71,0.106416,0.10674,0.101805,146.71,151.73,142.72,0.340146,0.345194,0.332437,524.13,531.51,516.51,21.4,21.85,20.84,63.42,64.66,62.84,162.41,164.92,161.34,25.42,25.85,25.2,,,,
"Aug 13, 2024",59356.21,61572.4,58506.25,2724.3,2737.99,2613.8,0.107767,0.108843,0.103572,146.45,149.61,143.15,0.338977,0.344656,0.33189,518.54,525.69,514.55,21.29,21.6,20.65,61.47,63.43,61.26,163.06,165.63,162.05,25.41,25.93,25.16,,,,
"Aug 12, 2024",58719.39,60680.33,57688.9,2553.5,2749.14,2513.39,0.100566,0.108535,0.100471,141.53,150.81,141.44,0.328319,0.343978,0.328052,503.8,523.54,500.23,20.43,21.66,20.38,59.71,61.99,59.42,162.91,164.03,159.96,24.3,25.46,23.65,,,,
"Aug 11, 2024",60944.89,61778.66,58348.82,2609.97,2718.8,2544.17,0.105203,0.110794,0.100299,153.96,157.93,141.35,0.346292,0.356275,0.328037,523.32,535.54,503.23,21.59,22.34,20.43,61.18,62.31,59.05,160.12,164.28,159.95,24.52,25.07,23.99,,,,
"Aug 10, 2024",60881.23,61464.51,60287.57,2599.58,2642.93,2580.66,0.103974,0.105859,0.103116,156.46,158.59,152.87,0.348547,0.351765,0.345273,509.18,524.96,507.85,21.77,22.02,21.44,60.74,61.5,60.22,157.42,160.74,156.61,24.45,24.6,24.09,,,,
"Aug 9, 2024",61728.21,61751.86,59587.86,2683.72,2706.45,2555.23,0.107409,0.107582,0.101774,162.93,163.25,151.23,0.351814,0.35387,0.337508,517.34,517.72,500.18,22.74,22.76,21.36,61.23,61.23,59.51,157.18,159.63,155.19,23.77,24.48,23.61,,,,
"Aug 8, 2024",55030.03,62673.77,54766.73,2336.92,2721.95,2322.53,0.095515,0.107772,0.093977,144.63,163.03,142.02,0.323701,0.353063,0.320317,474.2,521.04,469.19,19.83,22.77,19.61,55.98,61.84,55.37,156.69,158.72,154.43,22.17,24.02,21.89,,,,
"Aug 7, 2024",56040.63,57726.88,54620.51,2458.99,2551.56,2312.17,0.096371,0.101847,0.094594,144.09,155.01,142.75,0.330782,0.340582,0.317071,484.32,497.62,469,20.88,21.69,19.74,58.26,59.51,55.55,156.95,158.24,154.7,22.42,23.22,21.88,,,,
"Aug 6, 2024",53991.35,57059.92,53973.27,2417.27,2553.58,2416.53,0.094502,0.101388,0.094367,129.86,149.35,129.79,0.313156,0.33614,0.312515,464.63,492.9,464.29,19.55,21.45,19.55,56.21,59.26,56.15,155.01,158.5,154.5,22.1,22.94,21.99,,,,
"Aug 5, 2024",58110.3,58268.83,49121.24,2686.03,2695.89,2122.55,0.103732,0.104166,0.080831,138.05,139.14,110.61,0.343938,0.345469,0.279886,497.04,499.39,407.52,21.23,21.34,17.49,62.4,62.49,50.43,163.27,163.33,153.29,22.22,22.97,19.15,,,,
"Aug 4, 2024",60676.09,61062.99,57210.8,2903.09,2931.47,2639.57,0.108169,0.109214,0.099606,142.92,145.84,132.14,0.364106,0.366993,0.335569,529.48,531.62,488.25,22.68,22.93,20.67,64.6,65.13,60.66,160.51,163.51,159.06,23.35,23.58,21.56,,,,
"Aug 3, 2024",61414.81,62148.37,59836.53,2985.95,3015.3,2861.18,0.111507,0.114497,0.105418,152.64,153.78,140.22,0.363822,0.372484,0.35035,542.92,544.67,522.2,23.59,24.08,22.25,64.99,66.29,62.75,159.99,162.04,159.03,24.38,24.98,22.88,,,,
"Aug 2, 2024",65353.5,65523.22,61184.89,3201.6,3214.53,2965.73,0.119235,0.119513,0.110567,167.66,169.04,150.08,0.392706,0.394263,0.360289,575.15,577,540.12,25.72,25.85,23.43,69.57,69.82,64.32,157.61,162.64,156.92,25.7,25.91,24.19,,,,
"Aug 1, 2024",64625.84,65593.24,62248.94,3231.25,3241.78,3078.54,0.122021,0.122932,0.112828,171.83,172.69,157.99,0.388774,0.395075,0.369996,576.37,577.29,553.75,25.72,25.88,24.14,70.19,71.38,66.37,155.64,158.72,154.07,26.68,27.11,24.23,,,,
"Jul 31, 2024",66201.27,66810.21,64532.05,3278.69,3347.64,3216.07,0.125593,0.127201,0.121543,179.11,184.18,171.82,0.401677,0.407401,0.38796,587.67,592.52,575.25,26.34,26.82,25.47,71.69,72.84,70.11,153.17,159.28,153.07,26.29,27.31,26.11,,,,
"Jul 30, 2024",66819.05,66987.67,65323.19,3320.64,3365.32,3235.76,0.128662,0.130306,0.123662,182.77,184.18,176.02,0.404008,0.406977,0.396082,574.64,587.67,567.99,27.08,27.29,26.12,73.75,74.48,71.39,156.81,158.05,151.74,26.75,27.11,26.18,,,,
"Jul 29, 2024",68259.05,69987.54,66532.59,3271.45,3396.63,3257.72,0.130076,0.134949,0.127955,184.89,193.73,181.89,0.407387,0.426437,0.403783,584.1,596.65,573.99,27.4,28.81,27.08,71.13,76.62,71.09,148.57,157.05,148.35,26.6,27.78,26.6,,,,
"Jul 28, 2024",67808.66,68301.85,67085.83,3247.51,3283.15,3201.76,0.131597,0.1318,0.128324,184.09,186.51,181.4,0.418195,0.420287,0.4056,581.59,584.69,575.04,28.08,28.15,27.16,71.36,71.72,70.44,150.45,152.33,148.39,26.95,27.04,26.47,,,,
"Jul 27, 2024",67911.81,69398.51,66705.22,3275.89,3327.43,3195.36,0.134318,0.138667,0.131341,183.14,188.14,178.6,0.417746,0.428685,0.414101,581.08,592.85,574.89,28.71,29.49,27.73,71.33,72.28,70.57,151.91,154.39,150.16,26.93,27.24,26.59,,,,
"Jul 26, 2024",65771.81,68207.6,65743.77,3174.05,3285.76,3172.78,0.125222,0.134878,0.1252,171.96,183.54,171.88,0.394672,0.419572,0.394586,570.71,582.77,570.45,27.26,28.84,27.2,68.86,71.66,68.81,153.4,154.57,150.54,25.71,27.15,25.7,,,,
"Jul 25, 2024",65375.88,66112.42,63473.47,3336.36,3341.44,3088.76,0.128089,0.128641,0.120323,178.03,179.52,165.93,0.406847,0.407874,0.382825,574.58,575.84,554.76,28.4,28.55,26.35,71.25,71.62,67.39,147.38,154.06,146.79,26.76,26.78,24.86,,,,
"Jul 24, 2024",65927.86,67113.98,65147,3482.15,3487.65,3304.04,0.130386,0.134627,0.127244,172.76,182.36,171.21,0.410089,0.420873,0.404686,582.1,588.87,570.95,29.84,30.49,28.31,72.93,73.62,70.89,149.38,154.45,146.16,26.52,27.42,26.42,,,,
"Jul 23, 2024",67584.8,67779.02,65484.46,3440.77,3539.53,3395.42,0.137882,0.139202,0.128489,178.98,180.5,170.99,0.426547,0.429299,0.404625,587.92,593.11,578.29,31.86,32.61,29.54,71.31,73,70.65,144.61,151.68,144.02,26.81,27.32,26.38,,,,
"Jul 22, 2024",68152.98,68480.06,66611.3,3536.63,3560.08,3425.8,0.140167,0.142469,0.136214,184.55,184.79,177.04,0.446057,0.449401,0.425344,601.85,605.19,587.77,32.61,32.89,31.41,73.99,74.55,70.89,147.63,148.59,144.05,28.33,28.61,26.67,,,,
"Jul 21, 2024",67164.91,68372.91,65842.3,3519.43,3546.62,3415.44,0.13443,0.143087,0.126405,173.89,184.87,171.12,0.437637,0.448473,0.418958,593.57,603.66,583.54,29.13,32.95,28.62,73.07,74.04,71.61,153.16,155.13,146.68,28.03,28.87,27.64,,,,
"Jul 20, 2024",66709.92,67610.73,66299.62,3505.72,3539.9,3482.49,0.125475,0.135646,0.124485,169.18,174.83,167.56,0.439033,0.441672,0.428813,593.71,598.3,587.28,28.19,29.17,27.87,73.46,73.86,72.49,148.79,155.02,148.73,27.5,28.37,27.33,,,,
"Jul 19, 2024",63972.32,67442.64,63329.34,3425.91,3540.59,3377.88,0.119501,0.126056,0.117908,159.09,171.51,156.61,0.423898,0.442765,0.415931,571.93,598.05,565.97,27.14,28.41,26.71,71.61,74.11,69.78,144.18,151.04,143.18,27.37,27.96,26.32,,,,
"Jul 18, 2024",64104.74,65104.66,63246.16,3388.03,3488.72,3374.99,0.121879,0.123843,0.117573,155.59,161.59,155.57,0.43669,0.448664,0.420814,568.97,579.34,562.93,27.25,27.91,26.71,71.42,72.89,70.71,136.63,145.01,135.4,27.5,28.13,26.83,,,,
"Jul 17, 2024",65091.83,66066.73,63896.09,3446.74,3516.1,3379.1,0.124933,0.127506,0.120643,160.56,163.6,155.07,0.438226,0.455223,0.436724,576.56,584.01,565.42,28.03,29,27.25,73.21,74.19,71.34,144.67,149.36,135.4,28.02,28.58,27.45,,,,
"Jul 16, 2024",64784.42,65354.34,62487.97,3486.14,3498.22,3351.78,0.125164,0.127257,0.119371,159.77,162.47,153.05,0.445492,0.452194,0.427386,586.01,587.4,556.67,27.85,29.21,26.54,72.43,73.99,70.6,154.37,154.83,140.27,27.39,28.06,26.01,,,,
"Jul 15, 2024",60815.46,64870.15,60704.93,3246.13,3494.1,3235.78,0.115471,0.125352,0.114789,147.67,159.94,147.2,0.432369,0.445582,0.432166,544.92,586.54,544.7,26.38,27.87,26.32,69.98,72.51,69.82,152.92,155.71,149.93,27.02,27.95,26.67,,,,
"Jul 14, 2024",59225.25,61329.53,59225.25,3176.74,3266.49,3166.43,0.11235,0.116495,0.11135,141.93,148.55,141.93,0.441437,0.444495,0.426165,532.38,547.36,532.11,25.87,26.64,25.66,69.85,70.5,69.34,158.62,158.7,152.17,26.01,27.33,25.57,,,,
"Jul 13, 2024",57908.74,59787.08,57796.44,3134.55,3199.99,3115.08,0.107685,0.112889,0.107447,139.53,143.37,138.18,0.416527,0.44518,0.412321,533.76,539.2,527.76,25.97,26.3,25.57,69.28,70.58,69.25,164.16,165.51,157.52,24.51,26.2,24.47,,,,
"Jul 12, 2024",57341.2,58532.55,56590.18,3099.99,3154.6,3048.51,0.106664,0.108266,0.105032,135.86,140.42,134.16,0.395836,0.417659,0.394259,525.12,537.32,517.99,25.22,26.07,24.88,67.43,69.34,66.88,163.94,164.43,161.35,23.92,24.51,23.6,,,,
"Jul 11, 2024",57729.89,59299.43,57120.38,3101.34,3208.94,3057.22,0.108024,0.112179,0.106311,141.98,145.32,135.85,0.388803,0.404131,0.385638,524.58,540.08,521.04,25.77,26.31,25.08,66.94,69.08,66.58,165.47,166.42,163.19,23.88,24.31,23.57,,,,
"Jul 10, 2024",58033.88,59359.43,57178.41,3066.14,3148.41,3026.61,0.107519,0.11043,0.105904,141.37,145.85,138.86,0.375371,0.389623,0.372513,516.63,529.19,511.84,26.42,27.38,25.66,65.32,67.2,64.58,169.34,169.71,164.84,24.09,24.09,23.25,,,,
"Jul 9, 2024",56704.6,58239.2,56316.88,3018.8,3105.8,3005.52,0.10757,0.10922,0.106138,139.54,143.93,136.74,0.368965,0.380543,0.363778,510.54,520.65,507.27,25.22,26.47,24.78,64.87,66.18,64.36,171.76,171.87,165.63,22.99,24.37,22.86,,,,
"Jul 8, 2024",55849.57,58131.34,54321.02,2929.86,3090.66,2826.48,0.104235,0.111021,0.099163,131.8,141.63,128.56,0.346645,0.378875,0.333343,490.71,523.16,472.16,25.72,27.16,24.67,62.06,66.13,59.44,176.8,176.85,171.73,21.92,23.57,21.04,,,,
"Jul 7, 2024",58239.43,58371.12,55793.32,3067.41,3072.81,2923.96,0.113577,0.113577,0.103733,143.19,143.19,131.77,0.371184,0.371184,0.345893,527.44,527.44,488.96,27.44,27.45,25.52,65.43,65.53,61.72,177.18,177.38,174.51,23.37,23.64,21.87,,,,
"Jul 6, 2024",56659.07,58472.55,56038.96,2981.99,3080.11,2957.4,0.105585,0.114079,0.104935,134.36,144.01,132.61,0.349908,0.372936,0.348542,497.97,530.45,496.66,25.13,27.57,24.97,61.89,65.58,61.6,175.33,178.7,174.5,22.85,23.71,22.5,,,,
"Jul 5, 2024",57022.81,57497.15,53717.38,3057.83,3106.15,2826.01,0.104853,0.106418,0.093795,127.61,135.85,122.44,0.362713,0.362713,0.320955,513.61,515.22,456.92,24.44,25.41,22.13,65.31,65.4,57.51,175.18,178.62,175.18,21.93,23.12,19.76,,,,
"Jul 4, 2024",60147.14,60399.68,56777.8,3291.82,3309.2,3054.52,0.118448,0.118948,0.104431,140.72,142.51,127.55,0.406721,0.412632,0.362859,556.49,556.89,512.42,26.49,26.63,24.39,72.07,72.29,65.21,171.29,177.66,170.55,24.6,24.6,21.92,,,,
"Jul 3, 2024",62034.33,62187.7,59419.39,3416.25,3426.33,3254.52,0.125019,0.125326,0.117045,153.71,154.2,139.52,0.417784,0.42191,0.401298,579.01,579.94,550.42,28.64,28.9,26.45,75.87,76.07,71.81,172.6,174.69,170.2,24.68,25,23.42,,,,
"Jul 2, 2024",62844.41,63203.36,61752.75,3439.38,3459.76,3399.03,0.123439,0.125094,0.122462,146.59,154.71,146.12,0.402877,0.418783,0.40285,576.6,581.03,573.83,28.82,28.85,28.08,74.34,76.04,74.24,170.47,172.67,169.05,24,24.68,23.85,,,,
"Jul 1, 2024",62673.61,63777.23,62495.51,3432.61,3513.31,3425.32,0.124304,0.127236,0.123248,146.48,148.8,145.82,0.392135,0.407562,0.391472,581.67,587.28,576.14,29.35,30.03,28.82,75.27,75.8,74.19,170.26,171.7,168.05,24.79,24.98,23.94,,,,
"Jun 30, 2024",60888.45,62892.83,60632.95,3373.08,3453.21,3352.28,0.121699,0.125333,0.120452,140.01,147.2,137.14,0.383968,0.393233,0.379194,569.17,584.08,567.79,27.73,29.45,27.41,74.91,75.8,74.09,169.64,171.58,169.44,24.31,24.8,23.59,,,,
"Jun 29, 2024",60319.88,61097.62,60300.96,3373.69,3401.73,3369.55,0.122795,0.124121,0.121389,139.72,142.82,139.67,0.385415,0.402024,0.383795,566.49,572.94,566.07,27.9,28.59,27.58,72.77,76.6,72.77,170.43,171.29,167.94,24.69,25.08,24.3,,,,
"Jun 28, 2024",61612.8,62126.1,59985.4,3445.5,3482.96,3363.44,0.12691,0.127976,0.122361,149.45,150.05,139.31,0.390709,0.395171,0.385192,580.87,584.35,565.01,27.89,28.93,27.69,73.13,74.55,72.6,172.17,172.78,169.72,24.67,25.09,24.47,,,,
"Jun 27, 2024",60811.23,62293.86,60585.33,3368.89,3470.92,3362.26,0.122672,0.128115,0.12063,136.61,150.77,135.24,0.384751,0.393204,0.378069,572.36,583.73,566.43,25.8,28.29,25.37,70.96,73.19,70.54,173.37,175.22,169.57,23.88,24.7,23.68,,,,
"Jun 26, 2024",61789.68,62434.14,60695.19,3394.37,3421.51,3328.39,0.12615,0.128522,0.12192,136.55,140.17,134.93,0.391861,0.394534,0.383733,578.11,584.2,567.88,25.4,26.6,25.31,71.36,71.9,70.53,167.75,174.5,166.84,24.23,24.36,23.47,,,,
"Jun 25, 2024",60266.28,62258.26,60239.75,3350.56,3422.21,3335.56,0.119033,0.128236,0.118895,132.27,139.73,131.3,0.377755,0.396734,0.377367,567.65,579.1,566.9,24.83,25.72,24.63,69.69,71.91,69.44,170.7,171.73,166.11,23.12,24.34,23.03,,,,
"Jun 24, 2024",63173.35,63292.53,58601.7,3418.78,3430.7,3244.24,0.122249,0.123675,0.114731,128.6,132.31,123.67,0.380225,0.3809,0.366663,577.22,581.24,552.94,25.05,25.18,23.65,73.37,73.37,67.92,171.96,173.88,170.11,23.5,23.61,22.34,,,,
"Jun 23, 2024",64248.96,64491.7,63180.8,3494.95,3519.32,3408.58,0.123783,0.12612,0.121827,133.66,135.01,128.27,0.384794,0.392295,0.380303,590.67,592.77,576.06,25.62,25.97,24.2,74.55,74.96,73.37,167.54,176.42,167.5,24.13,24.47,23.48,,,,
"Jun 22, 2024",64113.86,64475.47,63929.76,3516.55,3519.5,3477.17,0.124038,0.125365,0.122959,134.57,136.46,133.14,0.376051,0.389592,0.371937,585.9,590.94,581.14,27.45,27.47,24.67,74.11,74.82,73.6,165.23,172.62,162.41,23.73,24.28,23.58,,,,
"Jun 21, 2024",64837.99,65007.55,63378.89,3511.27,3542.96,3447.94,0.12443,0.1255,0.121617,133.47,135.23,128.92,0.384248,0.390342,0.374608,587.11,588.71,578.02,27.54,27.98,26.98,74.7,74.7,72.36,172.57,173.86,164.44,23.57,24.11,23.44,,,,
"Jun 20, 2024",64960.3,66438.96,64547.85,3559.35,3623.89,3485.46,0.122341,0.128266,0.121454,135.61,141.08,132.09,0.383791,0.39679,0.379014,598.77,607.4,584.76,26.89,28.85,26.72,73.7,75.29,73.29,170.94,176.57,169.9,23.68,24.32,23.31,,,,
"Jun 19, 2024",65146.66,65695.35,64693.3,3482.35,3583.32,3466.48,0.122279,0.126508,0.121579,137.48,141.67,134.73,0.383565,0.397249,0.380962,588.58,605.73,587.01,26.62,27.59,26.42,72.61,74.88,72.55,172.96,175.38,170.65,23.1,23.75,22.85,,,,
"Jun 18, 2024",66490.98,66556.7,64066.96,3510.57,3514.18,3371.59,0.128866,0.129103,0.115392,143.31,143.61,130.29,0.401726,0.402216,0.366577,604.33,604.65,575.76,28.48,28.49,25.38,76.62,76.68,70.87,170.6,175.47,169.61,24.93,24.95,22.17,,,,
"Jun 17, 2024",66636.52,67188.32,65094.96,3622.38,3634.29,3468.15,0.13694,0.138023,0.126495,151.14,151.58,140.14,0.416388,0.419987,0.393655,610.07,611.94,592.43,30.04,30.31,27.43,78.91,79.16,75.34,169.71,170.64,167.13,25.72,25.89,24.3,,,,
"Jun 16, 2024",66189.36,66894.84,66018.25,3566.76,3648.09,3541.53,0.136576,0.137347,0.134819,145.42,151.13,143.18,0.413724,0.418128,0.410105,607.81,611.2,601.48,29.99,30.44,29.68,79.2,80,78.61,168.86,171.77,163.99,26.01,26.34,25.47,,,,
"Jun 15, 2024",66006.74,66402.19,65871.77,3479.79,3589.89,3473.45,0.134975,0.137277,0.134358,143.07,145.54,143.02,0.411686,0.415051,0.408905,603.11,609.05,601.59,30.29,30.61,29.94,77.54,79.35,77.49,168.47,172.4,161.25,25.93,26.11,25.72,,,,
"Jun 14, 2024",66747.57,67294.65,65056.89,3467.97,3528.6,3366.22,0.141046,0.143213,0.132164,147.28,148.79,140.12,0.421178,0.424121,0.40341,599.48,611.63,590.5,30.98,32.06,29.31,79.14,80.17,76.53,161.87,168.5,160.77,25.95,26.6,25.17,,,,
"Jun 13, 2024",68243.1,68365.78,66304.56,3559.73,3559.73,3431.33,0.146197,0.146353,0.140381,155.19,155.19,146.17,0.437818,0.438643,0.419753,619.23,619.3,596.31,33.27,33.39,30.94,78.47,79.72,77.44,157.97,166.39,155.92,26.53,26.63,25.85,,,,
"Jun 12, 2024",67321.38,69977.89,66902.45,3497.9,3652.49,3463.78,0.138097,0.150325,0.13503,149.42,161.51,145.82,0.421901,0.443805,0.415993,602.6,634.68,592.29,31.54,33.95,30.87,77.29,79.19,76.54,155.57,160.17,153.56,25.53,26.93,25.05,,,,
"Jun 11, 2024",69508.08,69549.41,66123.6,3666.36,3669.89,3434.75,0.144742,0.145047,0.134103,158.93,159.52,145.87,0.440465,0.440938,0.414531,624.4,628.26,597.04,32.27,32.35,30.67,79.61,79.64,76.14,166.84,168.1,155.44,26.2,26.35,24.81,,,,
"Jun 10, 2024",69644.31,70146.07,69232.42,3705.88,3711.43,3648.16,0.146767,0.14782,0.143467,162.08,162.83,157.77,0.444101,0.450088,0.436027,673.34,674.31,615.77,32.97,33.43,32.07,80.51,80.51,79.14,166.53,168,162.71,26.82,26.9,25.95,,,,
"Jun 9, 2024",69297.49,69817.52,69160.84,3680.94,3719.37,3668.12,0.146045,0.149089,0.1452,157.96,162.92,156.77,0.436556,0.445719,0.433257,682.66,684.76,670.81,32.29,33,32.1,79.99,80.68,79.57,169.75,171.68,165.93,26.46,26.82,25.87,,,,
"Jun 8, 2024",69324.18,69533.32,69210.74,3677.4,3707.5,3669.64,0.148296,0.148583,0.14401,162.5,163.62,157.54,0.449639,0.449639,0.433454,683.37,694.31,678.65,33.51,33.7,32,80.09,80.39,79.05,173.23,176.39,167.73,27.98,28.13,26.37,,,,
"Jun 7, 2024",70759.19,71907.85,68507.26,3811.67,3838.45,3615.28,0.160158,0.162019,0.143118,170.02,172.44,155.8,0.4581,0.488436,0.434423,710.46,710.84,665.18,35.91,36.83,31.63,84.18,84.8,76.52,168.68,173.33,163.11,30.2,30.38,26.85,,,,
"Jun 6, 2024",71082.84,71625.73,70119.13,3864.26,3878.05,3761.78,0.163235,0.16517,0.158657,173.48,174.3,167.86,0.461175,0.461865,0.452339,698.89,720.67,692.99,36.52,37.14,35.78,85.41,85.73,84.18,161.63,169.76,159.98,30.31,30.45,29.74,,,,
"Jun 5, 2024",70568.35,71735.41,70390.71,3812.56,3887.49,3778.66,0.16145,0.164724,0.161292,171.8,175.48,171.38,0.461485,0.464712,0.457757,686.2,712.59,685.78,36.07,36.88,35.98,83.66,85.43,83.59,159.44,162.38,156.96,29.99,30.54,29.95,,,,
"Jun 4, 2024",68804.57,71047.41,68564.64,3766.48,3831.36,3738.13,0.158282,0.161744,0.157163,164.93,171.82,164.52,0.457038,0.46518,0.453111,626.43,687.4,625.26,35.04,36.23,34.57,82.8,83.66,81.22,155.16,161.23,154.13,29.56,30,29.26,,,,
"Jun 3, 2024",67753.9,70230.82,67589.84,3780.85,3848.6,3758.92,0.157201,0.163211,0.156027,163.25,167.04,161.85,0.446495,0.462357,0.444445,603.05,637.25,601.18,34.93,36.24,34.63,83.05,84.16,82.73,151.23,157.08,150.01,29.35,29.92,29.21,,,,
"Jun 2, 2024",67710.27,68409.16,67315.52,3813.28,3834.91,3752.41,0.1602,0.161194,0.15496,166.03,166.92,161.65,0.449976,0.453255,0.442422,601.3,604.98,596.16,35.76,36.13,34.79,83.43,83.43,82.22,150.18,152.05,149.71,29.97,30.1,29.35,,,,
"Jun 1, 2024",67489.61,67839.77,67386.2,3759.88,3829.29,3749.84,0.159136,0.161323,0.158391,165.64,167.74,165.59,0.447461,0.452584,0.445254,593.52,607.58,592.68,36.06,36.18,35.7,83.24,83.64,82.91,148.78,150.18,148.49,30.21,30.34,29.93,,,,
"May 31, 2024",68362.52,68999.56,66633.42,3746.86,3843.86,3723.84,0.159539,0.162226,0.154907,166.98,170.63,163.93,0.446581,0.454957,0.444461,595.03,598.42,589.77,35.99,36.73,35.22,84.42,84.59,82.15,149.4,150.41,148.16,29.92,30.26,29.69,,,,
"May 30, 2024",67576.09,69500.54,67118.08,3763.36,3823.64,3702.26,0.163696,0.165407,0.156595,168.07,172.42,163.68,0.450995,0.454546,0.443807,594.97,601.67,586.56,36.14,37.06,35.33,83.48,85.43,81.97,151.36,153.51,148.09,29.78,30.27,29.17,,,,
"May 29, 2024",68296.35,68852.46,67101.49,3840.24,3880.65,3742.04,0.164964,0.170269,0.16222,168.65,173.64,167.32,0.45699,0.463107,0.450914,601.21,602.93,592.97,37,37.42,36.13,83.4,84.08,82.73,147.62,152.23,147.52,30.02,30.39,29.76,,,,
"May 28, 2024",69392.2,69514.64,67227.16,3892.1,3924.9,3771.21,0.16909,0.16933,0.161796,170,173.02,164.97,0.467963,0.468437,0.453115,603.53,604.99,593.72,38.23,38.33,36.56,85.21,85.4,82.17,150.58,151.13,147.36,30.75,30.79,29.89,,,,
"May 27, 2024",68512.18,70597.88,68232.5,3826.13,3973.56,3821.93,0.16622,0.173036,0.164365,163.35,171.99,163.34,0.458375,0.473999,0.457198,599.83,613.39,599.7,36.75,38.87,36.69,83.9,86.32,83.85,149.02,150.81,147.8,29.81,30.89,29.77,,,,
"May 26, 2024",69264.29,69506.23,68183.89,3749.18,3879.47,3732.02,0.173961,0.17455,0.165708,168.44,168.44,161.26,0.462072,0.462364,0.45643,602.19,604.83,598.7,38.29,38.29,36.52,84.98,85.21,83.62,150.5,151.69,148.47,30.56,30.59,29.7,,,,
"May 25, 2024",68526.92,69579.32,68515.82,3726.98,3776.01,3710.53,0.163804,0.174086,0.162959,167.8,170.36,166.11,0.459498,0.464271,0.458134,600.23,606.37,599.61,37.99,38.69,37.77,84.98,85.89,84.52,153.08,153.18,147.85,30.62,30.9,30.17,,,,
"May 24, 2024",67928.13,69220.3,66622.67,3776.99,3825.12,3631.99,0.159613,0.172701,0.156161,175.99,176.03,162.87,0.46533,0.468916,0.455533,598.67,604.31,588.89,38.51,38.95,37,85.42,86.33,84.14,158.23,159.15,152.42,30.38,32.17,29.52,,,,
"May 23, 2024",69121.3,70041.27,66356.95,3737.18,3943.55,3552.64,0.166163,0.169142,0.153403,176.86,180.17,167.4,0.48313,0.487635,0.448582,614.67,616.52,581.95,39.99,40.4,36.72,85.71,87.72,81.87,145.93,159.21,145.63,30.72,31.04,29.17,,,,
"May 22, 2024",70135.32,70623.7,68977.7,3789.37,3810.95,3655.08,0.170474,0.174095,0.162244,178.12,183.07,175.45,0.494774,0.494924,0.476096,618.42,625.57,610.55,41.16,41.69,39.33,88.21,88.41,85.05,147.79,153.02,143.87,31.13,31.19,30.39,,,,
"May 21, 2024",71443.06,71946.46,69191.13,3663.01,3837.37,3628.1,0.165688,0.17263,0.160905,186.52,188.49,174.71,0.501749,0.508968,0.491106,600.6,629.86,593.93,40.14,41.32,39.73,88.6,89.42,87.07,145.71,151.72,145.7,31.01,31.33,30.66,,,,
"May 20, 2024",66278.74,71483.56,66086.17,3071.86,3690.81,3050.3,0.149107,0.165945,0.148099,170.09,187.45,168.03,0.467602,0.501758,0.462214,574.63,601.56,569.52,35.62,40.22,35.24,82.22,88.99,82.22,150.46,154.29,136.76,28.89,31.22,28.57,,,,
"May 19, 2024",66937.93,67694.3,65937.18,3122.82,3137.15,3056.75,0.153077,0.155964,0.147957,172.54,175.19,166.73,0.482408,0.483018,0.4656,580.48,581.88,572.37,37.27,37.73,35.43,83.87,84.38,81.86,149.45,153.91,145.18,29.79,29.87,28.88,,,,
"May 18, 2024",67066.21,67387.33,66663.5,3094.55,3146.79,3087.7,0.155563,0.156872,0.151657,169.53,175.78,168.93,0.482,0.485514,0.47655,581.18,581.99,575.02,36.42,37.63,36.4,84.19,84.62,83.63,158.06,161.32,141.51,29.88,29.99,29.35,,,,
"May 17, 2024",65231.3,67459.46,65119.32,2945.14,3120.3,2934.11,0.149637,0.156364,0.149517,159.12,171.61,159.12,0.459696,0.489945,0.455974,569.19,584.67,568.84,34.46,37.54,34.3,82.46,84.22,82,156.54,164.7,155.48,29.44,30.01,29.19,,,,
"May 16, 2024",66256.11,66712.43,64613.05,3036.01,3041.81,2925.09,0.155529,0.159025,0.14907,158.19,164.32,156.77,0.452996,0.461976,0.449552,582.1,586.44,565.76,34.68,35,33.79,82.53,83.19,81.49,157.67,158.51,150.02,29.04,29.45,28.69,,,,
"May 15, 2024",61553.99,66454.45,61330.41,2881.22,3041.6,2864.74,0.145419,0.156989,0.1454,142.03,158.64,141.35,0.428069,0.454588,0.42675,566.71,587.42,561.13,31.57,34.75,31.4,78.73,82.78,78.32,157.92,160.97,155.81,27.37,29.14,27.36,,,,
"May 14, 2024",62900.77,63092.13,61123.77,2949.21,2959.55,2863.55,0.148433,0.154765,0.144361,147.28,148.83,141.91,0.436544,0.437814,0.426998,591.61,592.84,563.42,32.42,33.14,31.51,80.6,81.17,78.67,161.27,164.78,156.48,28.14,28.23,27.33,,,,
"May 13, 2024",61451.22,63422.66,60769.84,2928.81,2994.87,2865.13,0.141231,0.156825,0.136043,143.52,150.55,138.03,0.437653,0.452145,0.426159,594.42,597.77,585.52,33.17,33.76,31.98,81.38,82.46,79.07,164.43,165.69,161.08,27.8,28.49,27.04,,,,
"May 12, 2024",60793.5,61818.16,60632.6,2911.66,2953.05,2902.2,0.142925,0.144389,0.140016,145.31,147.57,142.88,0.438876,0.442564,0.435251,592.03,599.18,587.8,33.48,33.97,32.93,81.35,82.1,80.95,162.52,165.04,160.01,28.6,28.66,27.75,,,,
"May 11, 2024",60793.36,61451.15,60492.63,2909.85,2942.18,2888.08,0.144031,0.146037,0.142707,146.22,147.43,143.33,0.44825,0.450547,0.438543,585.62,594.21,581.9,33.71,33.98,33.13,80.23,82.19,80.22,161.61,165.59,161.02,29.16,29.33,28.6,,,,
"May 10, 2024",63055.19,63446.74,60208.78,3036.23,3052.73,2881,0.152117,0.153048,0.142525,152.85,155.41,144.94,0.463503,0.467699,0.444465,596.03,596.58,582.05,35.08,36.08,33.26,83.06,83.42,79.68,162.85,175.38,161.21,30,30.32,28.82,,,,
"May 9, 2024",61191.2,63404.91,60648.07,2973.97,3057.96,2951.22,0.143294,0.153983,0.143158,142.29,153.09,140.79,0.452553,0.464136,0.448433,588.2,602.59,586.73,34.05,35.36,33.78,81.64,83.07,80.77,160.24,162.89,152.16,29.43,30.15,28.82,,,,
"May 8, 2024",62332.64,62986.09,60877.13,3006.32,3037.2,2938.47,0.15019,0.151921,0.142211,148.13,149.81,140.17,0.441873,0.467473,0.438005,577.49,589.57,575.15,35.34,35.49,33.7,80.82,82.11,79.41,160.93,164.09,159.56,28.63,29.64,28.27,,,,
"May 7, 2024",63162.76,64390.46,62285.98,3062.75,3129.08,3003.01,0.156608,0.159802,0.149738,152.81,159.05,148.08,0.454289,0.455711,0.441812,588.48,599.94,576.72,37.14,37.58,35.33,80.79,82.54,80.02,161.17,161.93,157.72,29.09,29.34,28.56,,,,
"May 6, 2024",64038.31,65494.9,62746.24,3137.51,3220.15,3048.24,0.161066,0.168941,0.154445,145.71,156.63,145.58,0.458334,0.474644,0.453099,592.14,601.89,583.37,37.4,39.77,36.89,81.38,83.98,80.24,164.7,165.35,160.2,29.2,29.98,28.81,,,,
"May 5, 2024",63892.45,64610.89,62955.3,3117.64,3170.06,3075.59,0.160157,0.16313,0.154978,146.14,147.92,143.48,0.463577,0.465201,0.453556,585.85,595,580.25,37.36,37.93,36.71,81.69,81.74,80.54,163.42,165.04,162.11,29.24,29.54,28.72,,,,
"May 4, 2024",62891.03,64494.96,62599.35,3103.62,3167.54,3096.27,0.146142,0.169092,0.146106,143.77,148.94,142.57,0.467544,0.474552,0.463367,587.02,593.19,583.3,35.58,37.62,35.25,81.93,82.92,81.65,161.3,164.69,161.26,29.76,29.89,29.24,,,,
"May 3, 2024",59122.3,63320.5,58848.31,2988.13,3127.16,2960.18,0.132109,0.147762,0.131422,137.81,144.96,136.12,0.458284,0.472815,0.447367,560.53,590.24,559.45,33.61,35.87,33.37,80.12,82.6,79.46,160.95,163.17,158.32,29.15,30.16,28.86,,,,
"May 2, 2024",58253.7,59602.3,56937.2,2969.79,3015.05,2894.33,0.130134,0.134254,0.124227,134.63,140.28,128.26,0.449866,0.461007,0.440861,561.41,565.46,543.52,33.29,34.09,32.31,80.1,81.14,78.66,160.39,161.69,160.09,28.58,29.46,27.86,,,,
"May 1, 2024",60609.5,60780.5,56555.29,3011.02,3020.17,2815.92,0.133327,0.133724,0.120348,126.96,135.11,119.38,0.440815,0.456083,0.419504,578.49,579.33,538.05,32.71,33.85,30.68,79.5,80.7,74.92,161.9,164.19,159.31,28.08,28.62,26.56,,,,
"Apr 30, 2024",63839.42,64703.33,59120.07,3215.38,3249.38,2918.23,0.143492,0.145902,0.129762,137.78,139.67,121.64,0.457363,0.462385,0.427744,592.83,603.32,556.17,35.36,35.65,31.99,83.51,84.45,77.62,158.72,163.69,157.43,29.45,29.68,27.12,,,,
"Apr 29, 2024",63106.36,64174.88,61795.46,3262.34,3285.47,3116.2,0.146699,0.14795,0.139905,137.86,138.74,133.71,0.460482,0.463061,0.448116,600.07,602.6,583.34,33.94,35.78,32.91,83.95,85.48,81.94,159.76,161.76,157.49,29.36,29.61,28.36,,,,
"Apr 28, 2024",63423.52,64321.48,62793.6,3252.25,3351.18,3249.15,0.147716,0.15096,0.146301,141.29,144.51,137.23,0.467032,0.477335,0.459919,595.72,607.82,595.72,34.43,35.34,33.84,83.88,85.36,83.7,157.32,160.15,155.24,29.59,30.15,29.26,,,,
"Apr 27, 2024",63750.99,63898.36,62424.72,3129.73,3279.45,3071.34,0.147837,0.149364,0.143299,139.1,142.87,134.03,0.462729,0.468935,0.450886,597.71,599.28,586.15,34.41,35.07,33.31,87.99,88.36,83.35,159.62,162.58,156.75,30.24,30.41,28.94,,,,
"Apr 26, 2024",64485.37,64789.66,63322.4,3156.38,3166.19,3103.1,0.151394,0.151727,0.147061,144.89,145.85,138.91,0.47102,0.47815,0.462235,614.01,614.83,597.18,35.58,35.81,34.33,83.8,88.49,83.21,158.6,160.05,157.34,30.54,30.68,29.63,,,,
"Apr 25, 2024",64275.02,65275.21,62783.63,3139.62,3190.98,3074.8,0.151356,0.154181,0.147753,147.75,149.3,142.26,0.474901,0.479233,0.463569,608.09,617.81,601.78,36.37,36.69,34.75,83.17,85.02,82.16,155.88,159.65,155.34,30.06,30.93,29.51,,,,
"Apr 24, 2024",66408.72,67075.37,63589.87,3219.96,3292.92,3105.98,0.159944,0.164094,0.149529,154.7,159.58,145.77,0.500196,0.50984,0.470685,606.84,617.31,592.94,38.29,39.8,36.06,85.11,87.64,82.43,155.27,158.72,152.76,31.26,32.23,29.66,,,,
"Apr 23, 2024",66839.89,67199.24,65864.87,3201.59,3264.42,3154.59,0.161194,0.162868,0.157169,157.03,159.94,153.32,0.516885,0.520421,0.498599,605.58,613.54,599.94,39.23,39.83,38.03,85.47,85.91,84.18,154.39,155.58,152.46,31.71,32.04,31.07,,,,
"Apr 22, 2024",64935.63,67233.96,64548.18,3147.66,3236.66,3131.37,0.158259,0.163361,0.156843,148.61,158.37,146.99,0.49929,0.521807,0.496845,579.61,608.52,579.14,37.12,39.68,36.87,84.16,86.38,84.09,148.84,155.14,144.55,30.66,31.91,30.64,,,,
"Apr 21, 2024",64992.82,65723.24,64277.72,3157.57,3197.51,3119.55,0.162826,0.165478,0.155606,151.13,153.42,147.17,0.505908,0.512266,0.491571,570.96,582.27,567.17,38.3,38.68,36.5,85.09,85.68,82.99,158.44,159.66,149.11,31.47,31.63,30.16,,,,
"Apr 20, 2024",63851.1,65442.46,63172.4,3059.48,3170.67,3021.78,0.156268,0.164842,0.150942,142.68,152.1,140.01,0.468784,0.507407,0.466775,554.89,574.1,549.8,34.72,38.49,34.22,80.91,85.89,80.44,155.19,159.04,153.55,29.62,31.53,29.36,,,,
"Apr 19, 2024",63510.75,65481.6,59651.39,3065.95,3127.11,2868.8,0.152448,0.156906,0.139644,142.08,147.33,128.86,0.458143,0.475262,0.425702,552.17,564.54,525.03,34.85,35.99,32.01,80.8,82.02,76.2,155.84,156.29,134.04,29.05,30.36,27.11,,,,
"Apr 18, 2024",61275.32,64125.69,60833.48,2984.71,3094.84,2956.13,0.147606,0.153717,0.141307,131.87,143.73,128.08,0.444299,0.459905,0.436422,534.41,555.04,527.43,33.55,35.54,32.87,80.17,82.39,78.88,165.55,166.08,155.16,27.58,29.29,27.09,,,,
"Apr 17, 2024",63831.85,64486.36,59768.59,3084.92,3123.67,2918.55,0.15599,0.158511,0.144836,136.28,142.6,127.53,0.458607,0.464268,0.430911,537.83,548.04,514.11,34.77,35.32,32.35,79.93,80.72,76.53,168.5,170.5,165.01,28.21,28.38,26.7,,,,
"Apr 16, 2024",63419.3,64355.67,61716.4,3101.14,3127.16,2997.75,0.161369,0.162237,0.146908,138.51,140.28,126.87,0.460793,0.476847,0.440479,552.87,554.1,524.22,35.16,35.87,32.79,78.07,80.38,75.87,167.94,170.41,167.35,28.46,28.81,26.85,,,,
"Apr 15, 2024",65739.65,66878.65,62332.07,3156.83,3277.56,3026.54,0.162285,0.16889,0.150884,151.3,155.96,134.57,0.468911,0.494594,0.442137,567.22,585.49,546.87,37.32,38.53,34.29,79.92,82.75,75.95,167.95,173.2,167.3,30.14,31.39,27.31,,,,
"Apr 14, 2024",63836.23,65824.43,62205.85,3005.55,3174.67,2914.42,0.153168,0.164486,0.144482,139.34,152.5,131.29,0.44791,0.477274,0.43827,554.3,570.26,537.18,34.08,37.89,32.79,77.6,80.36,74.14,165.13,169.49,165.09,28.3,30.37,27.38,,,,
"Apr 13, 2024",67188.38,67931.43,60919.11,3242.94,3299.66,2862.39,0.174612,0.175572,0.132195,153.63,154.94,119.83,0.503579,0.5155,0.409073,596.37,599.89,517.27,39.42,39.42,29.73,86.26,86.49,71.31,167.61,167.97,164.95,31.89,32.33,25.25,,,,
"Apr 12, 2024",70061.38,71222.74,65254.84,3505.33,3552.59,3103.43,0.194011,0.200428,0.162513,172.58,175.81,145.52,0.586191,0.591456,0.461193,604.89,626.98,575.58,46.06,46.87,36.23,98.69,99.29,80.81,165.79,168.35,165.7,36.87,38.31,29.59,,,,
"Apr 11, 2024",70575.73,71256.23,69571.81,3543.45,3616.19,3477.17,0.199984,0.20312,0.190442,173.44,176.24,170.39,0.586254,0.593882,0.577351,610.08,617.47,592.6,47.31,47.48,45.68,96.7,99.8,95.04,164.54,167.06,164,36.97,37.48,36.33,,,,
"Apr 10, 2024",69140.24,71093.43,67503.56,3505.16,3561.52,3415.18,0.189001,0.201676,0.181762,172.41,175.32,163.81,0.591894,0.593438,0.564811,580.83,610.48,574.46,46.47,47.97,45.67,97.5,98.13,94.46,162.26,166.19,161.77,37.01,37.18,35.54,,,,
"Apr 9, 2024",71632.5,71742.51,68212.92,3695.34,3724.92,3455.11,0.20264,0.203243,0.186361,180.78,180.83,169.37,0.614159,0.623213,0.591362,586.9,589.67,574.14,49.88,49.94,46.39,103.31,103.39,96.74,159.02,164.7,158.68,39.19,39.4,36.92,,,,
"Apr 8, 2024",69362.55,72715.36,69064.24,3453.5,3727.62,3409.51,0.199106,0.20869,0.195885,179.65,184.3,175.59,0.589472,0.615812,0.580352,584.1,600.89,577.98,49.39,50.76,48.34,101.18,105.84,99.91,164.22,167.23,156,37.46,39.5,37.06,,,,
"Apr 7, 2024",68897.11,70284.43,68851.63,3354.21,3458.51,3346.11,0.185949,0.204811,0.185803,178.92,182.54,177.07,0.584379,0.595882,0.582689,585.97,590.89,578.72,48.2,49.43,47.94,101.5,105.68,100.44,166.72,168.07,161.51,37.15,37.95,36.92,,,,
"Apr 6, 2024",67840.57,69629.6,67491.72,3318.86,3397.59,3308.98,0.177521,0.187686,0.17679,174.5,179.7,173.87,0.574841,0.588323,0.573283,578.97,590.6,575.92,45.38,48.72,45.14,98.04,102.31,97.3,160.18,167.74,160.18,35.97,37.46,35.85,,,,
"Apr 5, 2024",68515.76,68725.76,66011.48,3330.01,3345.67,3214.24,0.179926,0.18048,0.168037,183.96,184.98,168.24,0.582955,0.5843,0.562024,585.48,591.33,565.75,46.51,46.57,44.05,98.41,100.1,95.34,169.87,172.82,158.23,36.97,37.22,35.32,,,,
"Apr 4, 2024",65975.7,69291.26,65113.8,3311.5,3443.21,3253.32,0.175547,0.1881,0.172262,185.25,190.07,180.51,0.571277,0.596073,0.56202,562.02,597.84,561.35,45.95,48.14,45.54,98.57,103.97,96.45,168.21,172.19,167.35,35.7,37.39,35.17,,,,
"Apr 3, 2024",65446.67,66914.32,64559.9,3277.32,3368.11,3205.65,0.182302,0.187403,0.170506,181.17,191.69,177.4,0.580988,0.594003,0.566755,550.68,568,540.25,46.82,48.29,45.04,106.82,109.54,96.75,169.78,172.07,166.89,36.01,36.98,34.92,,,,
"Apr 2, 2024",69705.02,69708.38,64586.59,3504.82,3506.96,3215.99,0.205575,0.205577,0.180468,192.57,192.57,176.13,0.621685,0.621696,0.575678,576.38,578.13,546.87,51.45,51.45,46.35,99.38,108.81,94.32,174.15,174.41,166.72,37.8,37.8,34.56,,,,
"Apr 1, 2024",71333.48,71342.09,68110.7,3647.82,3648.13,3418.7,0.220065,0.220068,0.198108,202.87,204.18,187.49,0.650427,0.650956,0.607714,606.91,607.65,570.05,54.11,54.13,50.38,105.18,112.32,97.52,177.25,178.04,171.17,40.04,40.5,36.84,,,,
"Mar 31, 2024",69647.78,71377.78,69624.87,3507.95,3655.22,3507.24,0.199413,0.223933,0.199334,194.38,203.03,194.04,0.644364,0.653083,0.643244,601.01,608.66,600.88,53,54.25,52.94,102.87,106.55,101.55,177.41,177.96,172.54,38.78,40.1,38.69,,,,
"Mar 30, 2024",69893.45,70355.49,69601.06,3511.83,3566.08,3489.9,0.213424,0.216516,0.197847,192.23,199.73,191.22,0.664424,0.668271,0.643069,612.66,612.99,597.63,53.41,54.61,52.86,109.24,109.25,101.31,170.59,177.93,169.3,39.77,40.03,38.52,,,,
"Mar 29, 2024",70744.8,70913.09,69076.66,3561.01,3583.7,3475.73,0.220056,0.2244,0.20881,189.62,192.97,183.65,0.650796,0.666749,0.638028,583.29,619.97,582.47,54.62,54.63,52.6,94.22,110.01,93.11,171.87,176.7,164.21,38.32,40.47,37.96,,,,
"Mar 28, 2024",69452.77,71546.02,68895.51,3500.22,3609.71,3465.33,0.190317,0.226581,0.189573,186.36,190.88,181,0.648438,0.657416,0.636376,574.51,591.31,574.2,54.11,55.02,53.23,93.68,96.39,93.52,180.76,181.29,171.65,37.92,39.03,37.45,,,,
"Mar 27, 2024",69991.9,71727.69,68381.93,3587.31,3664.38,3460.39,0.182486,0.191285,0.179843,190.7,192.5,180.42,0.665024,0.670158,0.632704,580.16,584.99,565.51,55.82,56.71,53.21,95.87,98.31,92.85,174.6,182.25,174.22,38.81,39.18,36.74,,,,
"Mar 26, 2024",69931.33,71535.74,69335.61,3591.09,3678.79,3545.43,0.175367,0.186057,0.174924,189.08,196.29,186.75,0.656949,0.682587,0.65408,587.43,597.01,572.81,57.82,59.26,55.45,90.72,96.85,87.78,178.47,180.6,167.91,38,39.48,37.56,,,,
"Mar 25, 2024",67234.09,71162.59,66414.84,3454.89,3657.12,3421.79,0.176453,0.185999,0.170166,183.57,194.43,181.25,0.646152,0.667585,0.639901,567.99,597.66,565.14,55.66,59.19,54.99,89.69,91.94,88.72,173.99,181.35,173.99,37.03,38.32,36.61,,,,
"Mar 24, 2024",64070.75,67622.76,63825.85,3336.67,3470.34,3301.28,0.161768,0.1799,0.161716,172.9,186.63,171.67,0.625859,0.647304,0.625546,551.88,572.49,549.53,53.41,55.8,52.52,85.42,90.42,85.38,169.4,175.29,166.69,35.73,37.37,35.49,,,,
"Mar 23, 2024",63802.72,65976.4,63038.49,3335.59,3433.76,3273.12,0.152703,0.174619,0.151855,174.36,178.8,171.02,0.613304,0.63863,0.613016,551.78,567.54,544.92,53.28,55.86,52.77,83.31,87.46,83.15,154.14,169.46,154.14,34.97,36.36,34.64,,,,
"Mar 22, 2024",65489.93,66623.75,62355.37,3492.9,3541.9,3254.97,0.1553,0.164902,0.145591,179.24,181.32,167.88,0.631873,0.641832,0.600912,553.25,587.73,535.97,53.87,57.49,51.74,85.7,86.08,80.81,165.26,174.5,153.7,35.72,36.72,34.11,,,,
"Mar 21, 2024",67911.59,68199.99,64580.92,3514.02,3586.91,3412.22,0.152186,0.158759,0.147189,191.55,195.31,176.28,0.639486,0.646522,0.620028,556.7,570.05,541.66,57.03,57.65,52.83,84.79,86.8,83.86,163.16,166.31,162.54,35.8,36.25,34.82,,,,
"Mar 20, 2024",61930.16,68115.26,60807.79,3158.4,3534.83,3059.65,0.128735,0.152868,0.123453,170.02,192.91,163.3,0.586914,0.643161,0.572496,507.09,558.95,501.12,53.53,58.02,50.54,78.59,85.25,77.29,159.95,165.27,159.15,32.71,36.22,31.68,,,,
"Mar 19, 2024",67556.13,68106.93,61536.18,3518.35,3546.58,3149.29,0.143673,0.145014,0.12563,195.99,198.24,166.18,0.661258,0.664484,0.580711,554.56,559.86,498.56,60.69,61.77,53.22,87.11,87.43,77.3,154.96,160.02,154.7,35.5,35.78,31.58,,,,
"Mar 18, 2024",68371.3,68897.13,66594.23,3642.3,3642.5,3456.09,0.154328,0.154332,0.140197,202.12,209.7,194.85,0.681099,0.69641,0.645319,571.09,586.51,540.85,58.11,65.25,55.46,85.86,87.87,80.95,152.69,158.11,151.58,37.14,37.39,34.6,,,,
"Mar 17, 2024",65316.34,68845.72,64545.32,3523.03,3676.26,3414.17,0.142364,0.158761,0.137732,181.88,204.29,179.23,0.659535,0.686795,0.633787,576.78,589.64,550.14,53.5,58.33,50.31,84.14,86.68,81.12,148.78,152.75,148.77,36.05,37.67,34.29,,,,
"Mar 16, 2024",69392.48,70046.27,64801.39,3736.1,3780.89,3468.08,0.163231,0.164936,0.138419,182.97,197.66,177.46,0.726447,0.733654,0.654741,632.8,641.48,571.29,58.49,61.35,52.14,89.71,90.63,82.47,148.39,150.85,147.21,38.82,39.42,35.38,,,,
"Mar 15, 2024",71387.88,72357.13,65630.7,3882.86,3928.78,3571.77,0.177329,0.181057,0.154082,176.68,188.5,165.41,0.750474,0.761962,0.678853,602.97,634.2,547.7,54.06,58.6,49.03,94.12,95.27,84.35,146.17,148.87,143.74,40.65,41.19,36.05,,,,
"Mar 14, 2024",73079.38,73750.07,68563.02,4005.75,4011.1,3721.79,0.169158,0.191512,0.165624,163.84,177.89,160.23,0.764562,0.806985,0.719326,630.56,630.96,569.21,54.95,59.07,50.79,97.32,98.02,90.35,139.95,147.02,139.89,42.82,42.87,38.9,,,,
"Mar 13, 2024",71482.12,73637.48,71334.09,3980.27,4083.01,3936.63,0.168152,0.173851,0.165792,151.02,166.45,148.95,0.748055,0.772147,0.738719,537.87,631.17,532.05,55.59,55.62,52.54,97.54,98.78,94.63,141.38,143.52,137.42,42.48,44.05,41.99,,,,
"Mar 12, 2024",72125.13,72825.66,68728.85,4066.69,4092.28,3831.89,0.181973,0.183108,0.160104,148.75,154.94,142.87,0.774189,0.775003,0.716698,522.72,547.02,521.91,49.01,57.3,46.6,103.79,104.09,93.3,141.46,144.49,140.92,43.11,43.81,40.32,,,,
"Mar 11, 2024",69020.55,72850.71,67194.88,3881.24,4087.05,3745.13,0.169907,0.182509,0.162567,144.51,150.02,137.63,0.717152,0.786883,0.695982,529.45,532.79,509.98,42.05,49.32,40.65,87.51,105.58,84.83,142.34,144.15,140.95,40.27,44.17,38.48,,,,
"Mar 10, 2024",68500.26,70005.2,68239.98,3915.59,3968.72,3800.56,0.179083,0.179588,0.165952,144.61,148.67,140.84,0.743714,0.744226,0.705301,489.54,537.42,486.84,43,43.96,41.03,90.85,90.91,85.68,141.3,143.73,140.51,40.53,41.36,39.35,,,,
"Mar 9, 2024",68299.26,68673.05,68053.13,3892.12,3950.4,3880.66,0.165347,0.184543,0.164319,145.24,149.35,144.29,0.724855,0.746143,0.7234,488.09,494.08,482.64,42.74,43.59,42.49,88.63,91.01,87.22,141.01,142.41,140.46,40.63,41.09,39.92,,,,
"Mar 8, 2024",66938.09,70083.05,66230.45,3874.83,3998.83,3828.36,0.15812,0.175495,0.155494,143.98,152.42,142.54,0.744739,0.75446,0.704171,475.28,489.58,464.83,43.29,43.98,41.28,88.11,89.31,84.96,138.64,143.91,138.28,39.24,40.91,37.47,,,,
"Mar 7, 2024",66099.74,68029.92,65655.53,3818.31,3939.59,3738.69,0.157791,0.162041,0.147082,130.74,149.22,130.7,0.733846,0.75462,0.721365,429.01,477.21,423.79,41.51,44.5,41.51,85.83,89.6,83.59,138.51,141.55,137.12,38.77,39.82,38.13,,,,
"Mar 6, 2024",63776.05,67637.93,62848.67,3554.07,3901.43,3502.8,0.153925,0.177433,0.146967,125.7,134.81,120.32,0.693489,0.754289,0.667933,394.66,433.43,386.23,39.5,42.13,38,82.04,87.26,79.99,136.27,139.65,135.48,35.48,38.95,34.79,,,,
"Mar 5, 2024",68341.05,69170.63,59323.91,3631.93,3828.16,3224.12,0.182804,0.205439,0.130103,133.16,142.65,109.54,0.771298,0.780695,0.595808,419.02,427.08,363.22,43.09,44.86,35.19,88.95,91.83,74.43,135.05,142.13,134.39,39.29,41.15,32.18,,,,
"Mar 4, 2024",63137,68537.03,62386.52,3489.34,3641.46,3446.02,0.153941,0.184307,0.148781,130.42,134.87,127.8,0.728179,0.796568,0.72592,414.41,423.8,411.48,42.61,43.96,41.56,90.67,92.42,87.78,134.49,136.92,134.11,38.04,40.11,37.76,,,,
"Mar 3, 2024",62031.58,63230.21,61435.02,3422.88,3491.17,3372.21,0.142131,0.155759,0.12984,129.79,132.06,125.77,0.741072,0.741664,0.701956,410.98,416.63,405.09,44.36,44.89,41.51,94.43,94.53,87.5,136.17,136.29,134.3,39.83,39.94,35.88,,,,
"Mar 2, 2024",62431.65,62458.7,61657.29,3436.16,3459.75,3398.9,0.139614,0.150064,0.136927,129.98,131.45,127.68,0.719034,0.761303,0.718878,407.8,414.85,406.54,42.85,44.52,42.14,85.06,94.47,84.58,134.98,137.7,134.56,34.05,40.55,33.92,,,,
"Mar 1, 2024",61168.06,63155.1,60802.53,3341.97,3452.63,3341.85,0.117167,0.145261,0.117167,125.64,137.6,125.64,0.655441,0.719081,0.654593,399.67,408.55,399.48,40.93,43.29,40.93,79.92,86.06,79.92,133.9,135.61,132.65,31.97,34.18,31.97,,,,
"Feb 29, 2024",62499.18,63585.64,60498.73,3386.8,3518.97,3303.91,0.116447,0.134409,0.111816,118.24,134.47,117.67,0.63086,0.70528,0.62572,415.58,419.78,392.38,40.3,44.59,39.77,74.58,84.81,74.12,134.76,135.51,130.18,31.2,33.79,31.06,,,,
"Feb 28, 2024",57071.1,63913.13,56738.43,3243.89,3485.45,3201.58,0.097673,0.121116,0.094607,108.4,118.05,107.46,0.624196,0.658023,0.603052,394.95,427.05,394.66,39.27,41.21,37.5,74.03,77.85,71.76,131.93,136.23,130.69,32.08,32.97,29.46,,,,
"Feb 27, 2024",54519.36,57537.84,54484.2,3178.41,3287.96,3167.83,0.089388,0.099957,0.088637,109.92,112.2,105.9,0.619746,0.628994,0.611208,401.64,403.74,390.92,39.34,39.94,38.54,71.95,76.29,71.95,135.58,135.97,131.86,31.84,32.46,31.6,,,,
"Feb 26, 2024",51730.54,54938.18,50931.03,3112.53,3197.38,3037.95,0.086098,0.090024,0.084292,103.45,110.58,100.46,0.591361,0.621698,0.575256,388.54,404.44,382.26,37.45,39.35,36.35,70.09,72.92,69.23,133.19,136.93,130.86,30.96,31.9,30.01,,,,
"Feb 25, 2024",51565.21,51950.03,51306.17,2992.37,3117.43,2984.39,0.086157,0.086759,0.085461,104.13,104.33,102.17,0.596705,0.599775,0.581406,381.74,390.45,378.13,36.74,37.46,36.52,70.39,70.55,69.8,131.81,134.74,131.77,30.48,30.98,29.77,,,,
"Feb 24, 2024",50736.37,51684.2,50585.45,2921.96,3003.2,2907.7,0.084448,0.08632,0.083955,99.95,104.65,98.59,0.583161,0.598924,0.571189,375.32,383.07,372,35.93,36.93,35.24,68.83,70.62,68.72,132.69,133.42,129.19,29.46,30.66,29.13,,,,
"Feb 23, 2024",51283.91,51497.93,50561.78,2970.14,2991.33,2906.58,0.084083,0.085483,0.083036,101.67,103.02,98.96,0.585821,0.594021,0.570498,381.98,385.46,369.4,36.75,36.91,35.26,68.76,69.06,67.72,132.42,134.1,130.82,29.62,29.79,28.85,,,,
"Feb 22, 2024",51854.64,52009.61,50926.29,2969.6,3030.67,2907.11,0.084605,0.085407,0.083165,105.12,107,101.64,0.59848,0.606892,0.582224,378.71,386.59,374.3,37.63,38.17,36.58,68.94,69.63,67.98,131.73,135.13,128.58,29.4,30.91,28.84,,,,
"Feb 21, 2024",52273.54,52368.82,50671.76,3015.65,3017.19,2875.42,0.086148,0.086222,0.082173,108.45,108.45,100.41,0.62209,0.622667,0.577376,354.86,379.07,351.4,38.53,38.53,36.02,69.65,69.66,67.5,127.57,131.89,127.06,29.86,30.07,28.31,,,,
"Feb 20, 2024",51777.73,52945.05,50792.31,2944.11,3031.52,2879.9,0.089474,0.091208,0.083568,111.48,112.04,104.89,0.63106,0.639021,0.600431,351.81,360.37,346.07,39.48,39.66,37.06,71.31,71.42,68.31,130.51,133.31,126.22,30.1,30.77,28.91,,,,
"Feb 19, 2024",52134.81,52483.32,51711.82,2881.3,2983.37,2860.26,0.085169,0.090536,0.085121,112.18,114.72,111.08,0.618769,0.636478,0.617451,349.68,355.7,349.62,40.26,40.59,39.24,70.74,71.67,70.58,134.42,134.56,129.11,29.7,30.34,29.56,,,,
"Feb 18, 2024",51661.97,52356.96,51233.71,2786.71,2892.84,2767.91,0.083592,0.0857,0.083017,108.99,114,107.61,0.608639,0.637485,0.608639,352.91,358.01,349.68,39.76,40.72,39.07,69.99,71.28,69.88,123.33,134.5,123.11,30.23,30.56,29.56,,,,
"Feb 17, 2024",52161.68,52191.91,50669.67,2803.74,2805.13,2724.39,0.086016,0.086059,0.082205,110.44,111.07,106.13,0.598894,0.609918,0.571002,360.87,363.28,349.04,40.31,40.43,38.51,70.62,70.72,68.42,124.98,129.53,122.45,29.04,30.24,28.49,,,,
"Feb 16, 2024",51937.73,52537.97,51641.37,2825.48,2858.45,2760.33,0.085355,0.08788,0.084393,113.67,114.25,108.35,0.608527,0.612269,0.585995,354.69,365.56,351.7,41.59,41.8,39.71,69.81,70.96,69.24,123.17,126.46,121.91,29.04,29.39,28.34,,,,
"Feb 15, 2024",51836.79,52820.07,51371.63,2777.6,2865.85,2764.01,0.085546,0.088048,0.084166,116.99,118.31,111.78,0.577321,0.610741,0.573474,334.21,365.13,333.85,42.27,43.49,41.05,69.9,70.86,69.24,123.55,125.88,120.04,28.11,29.12,28.1,,,,
"Feb 14, 2024",49733.45,52021.37,49296.83,2641.69,2786.89,2621.03,0.081086,0.087003,0.080569,112.57,118.33,110.88,0.544989,0.580883,0.540968,324.87,334.37,323.88,39.76,42.41,39.19,69,70.74,68.56,119.37,123.55,116.16,27.89,28.47,27.51,,,,
"Feb 13, 2024",49941.36,50358.39,48406.5,2659.59,2686.46,2599.17,0.082333,0.082954,0.080062,111.98,114.81,108.49,0.559999,0.563696,0.535545,327.93,329.21,319.48,41.08,41.64,38.92,72.93,73.13,68.28,128.81,131.5,117.6,28.26,28.42,27.39,,,,
"Feb 12, 2024",48296.39,50280.48,47745.76,2507.58,2663.84,2473.81,0.081203,0.082797,0.079568,107.49,112.07,103.61,0.541433,0.564612,0.531948,320.8,331.44,315.93,39.73,41.09,38.45,71.54,73.41,70.45,126.59,129.57,122.12,27.53,28.37,27.05,,,,
"Feb 11, 2024",47768.97,48535.94,47617.41,2501.13,2537.68,2495.21,0.081447,0.083279,0.080992,109.12,110.56,107.36,0.551422,0.564102,0.536913,323.1,324.77,320.31,40.27,41.15,39.44,70.8,72.94,70.69,122.77,129.95,121.48,27.51,28.32,27.31,,,,
"Feb 10, 2024",47153.53,48146.17,46905.32,2487.65,2516.72,2475.86,0.081582,0.082083,0.080462,106.93,110.74,106.93,0.540741,0.556023,0.530169,323.87,325.43,319.58,38.01,41.1,38.01,70.68,71.17,70.1,120.34,123.08,118.05,27.5,27.67,27,,,,
"Feb 9, 2024",45297.38,48152.5,45260.82,2419.77,2522.72,2419.36,0.07987,0.082088,0.07987,102.79,108.99,102.79,0.529449,0.547281,0.528349,318.92,325.64,318.2,35.43,38.55,35.42,70.57,71.86,70.35,119.99,122.44,119.14,26.89,27.68,26.87,,,,
"Feb 8, 2024",44332.13,45575.84,44332.13,2424.08,2459.56,2414.75,0.080101,0.080755,0.079626,101,104.8,100.55,0.501795,0.534829,0.501795,307.57,320.41,307.51,35.28,36.1,35.12,68.56,70.61,68.46,118.84,121.72,116.96,26.95,27.07,26.53,,,,
"Feb 7, 2024",43090.02,44341.95,42775.96,2372.26,2442.64,2353.71,0.07847,0.080255,0.078211,96.86,101.24,94.72,0.498442,0.501844,0.475045,302.71,308.48,300.85,34.14,35.47,33.74,68.29,68.74,67.75,121.45,122.22,118.21,26.32,27,26.03,,,,
"Feb 6, 2024",42657.39,43344.15,42529.02,2298.96,2389.83,2296.79,0.078226,0.079181,0.077763,95.55,97.79,93.28,0.493382,0.503421,0.490085,300.86,303.57,300.64,34.5,34.68,33.81,67.62,68.75,67.56,121.12,124.06,120.15,27.24,27.47,26.31,,,,
"Feb 5, 2024",42577.62,43494.25,42264.82,2289.21,2334.68,2270.07,0.078248,0.080027,0.077504,95.47,98.54,94.29,0.49424,0.504766,0.488481,304.72,306.52,299.55,34.84,35.85,34.16,66.93,68.13,66.71,118.64,124,118.62,26.77,27.48,26.54,,,,
"Feb 4, 2024",42994.94,43097.64,42374.83,2296.12,2309.01,2272.3,0.078658,0.079857,0.078084,97.89,98.46,95.27,0.512882,0.512882,0.494256,299.72,307.41,298.21,35.92,36.49,34.84,68.83,68.83,66.68,122.17,125.09,115.95,27.71,27.72,26.71,,,,
"Feb 3, 2024",43184.96,43359.94,42890.81,2307.98,2327.35,2293.54,0.079234,0.079455,0.078616,100.45,101.06,96.81,0.513989,0.524477,0.512708,301.18,303.51,299.63,36.71,37.53,35.45,68,69.08,67.92,117.05,122.18,116.6,27.6,27.9,27.3,,,,
"Feb 2, 2024",43077.64,43422.49,42584.34,2303.71,2323.05,2282.23,0.079327,0.079901,0.078622,97.83,102.41,97.57,0.50703,0.523469,0.504733,300.16,304.29,299.94,33.83,36.85,33.82,67.52,68.34,67.41,116.43,121.67,110.77,27.27,27.6,26.98,,,,
"Feb 1, 2024",42569.76,43243.17,41879.19,2282.18,2309.84,2243.57,0.078763,0.079779,0.077684,97.02,97.94,93.38,0.498247,0.50734,0.487143,300.35,301.88,296.56,33.16,33.9,32.34,66.75,68.07,65.8,117.15,119.18,112.91,26.62,27.34,26.19,,,,
"Jan 31, 2024",42946.25,43717.41,42298.95,2343.56,2349.61,2264.44,0.079729,0.080222,0.078214,101.45,102.55,96.1,0.514095,0.519219,0.495401,307.47,307.86,298.96,35.16,35.47,33.14,67.52,69.8,66.27,121.84,125.17,116.19,27.5,27.67,26.35,,,,
"Jan 30, 2024",43300.23,43838.95,42711.37,2317.44,2388.87,2298.28,0.0813,0.082129,0.079593,101.57,106.21,101.11,0.525298,0.535742,0.514158,310.71,312.96,306.92,36.07,37.1,35.09,68.45,68.64,67.29,123.29,123.97,114.28,28.09,28.67,27.43,,,,
"Jan 29, 2024",42030.91,43305.87,41818.33,2257,2320.03,2237.71,0.078813,0.082872,0.078223,95.94,101.77,95.18,0.489768,0.527302,0.485568,305.02,310.71,304.6,34.8,36.47,34.41,68.39,68.71,66.92,121.53,127.29,117.55,27.59,28.15,27.18,,,,
"Jan 28, 2024",42126.13,42797.18,41696.91,2268.19,2306.9,2242.68,0.08014,0.08137,0.078292,94.18,99.38,93.54,0.486326,0.499554,0.485152,305.77,308.77,303.29,33.27,36.63,33.27,68.08,68.44,67.41,115.68,123.25,113.11,28.07,28.54,27.39,,,,
"Jan 27, 2024",41815.63,42195.63,41431.28,2267.32,2282.54,2252.39,0.079883,0.080678,0.079071,92.39,94.44,90.84,0.485263,0.489547,0.476921,302.32,307.41,302.06,32.28,33.26,31.91,67.04,68.28,66.42,123,129,105.43,27.7,28.09,27.54,,,,
"Jan 26, 2024",39936.82,42209.39,39825.69,2217.44,2280.38,2196.14,0.077929,0.080279,0.077595,86.89,93.53,86.15,0.466472,0.489616,0.463956,291.94,303.79,290.88,30.48,33.02,30.16,65.5,67.5,65.24,133.37,134.95,117.23,26.98,28.1,26.86,,,,
"Jan 25, 2024",40075.55,40254.48,39545.66,2233.97,2240.38,2173.69,0.079016,0.079137,0.077193,88.74,89.38,85.27,0.476302,0.483024,0.459863,293.09,296.05,287.73,31.22,31.33,29.66,66.14,66.14,64.66,133.53,135.81,132.01,27.11,27.14,26.42,,,,
"Jan 24, 2024",39877.59,40483.79,39508.8,2241.75,2261.38,2197.66,0.078157,0.080518,0.07775,84.29,89.27,83.42,0.476763,0.478956,0.464782,298.41,300.34,290.85,30.6,31.86,29.51,65.45,66.29,64.91,133.52,136.73,130.35,26.89,27.63,26.55,,,,
"Jan 23, 2024",39518.71,40127.35,38521.89,2310.95,2348.03,2167.28,0.080346,0.081677,0.076091,83.62,85.84,79.07,0.47849,0.485338,0.449699,305.44,311.17,291.06,29.48,30.6,27.38,67.29,68.32,63.26,136.76,139.8,130.15,27.56,28.02,25.82,,,,
"Jan 22, 2024",41553.65,41651.21,39450.12,2454.99,2463.45,2303.5,0.085292,0.085416,0.080195,90.9,91.64,82.66,0.503155,0.505089,0.47805,318.38,319.74,304.58,32.49,32.66,29.43,71.61,72.54,66.91,131.32,136.76,130.28,28.52,28.77,27.44,,,,
"Jan 21, 2024",41671.49,41855.37,41497.01,2469.8,2479.76,2452.38,0.087868,0.089992,0.084843,92.59,93.71,90.85,0.515006,0.519567,0.503105,316.96,321.28,316.22,32.81,33.43,32.47,71.3,72.15,70.55,131.86,135.3,128.56,28.73,29.7,28.51,,,,
"Jan 20, 2024",41624.59,41877.89,41446.82,2489.85,2489.85,2456.1,0.078534,0.089998,0.078236,93.39,94.03,90.49,0.503148,0.516822,0.499633,314.3,316.96,312.3,32.65,32.92,32.05,71.19,72.67,70.61,126.76,132.69,126.7,27.54,28.89,27.35,,,,
"Jan 19, 2024",41278.46,42134.16,40297.46,2468.69,2501.31,2414.71,0.077988,0.078705,0.075152,94.25,95.16,87.48,0.501882,0.503305,0.474274,313.29,315.64,306.38,33.53,33.69,31.31,67.99,71.42,67.12,131.65,132.25,125.22,27.87,27.96,25.85,,,,
"Jan 18, 2024",42742.31,42876.35,40631.17,2528.59,2546.26,2426.14,0.080509,0.080693,0.077399,102.03,102.92,92.14,0.527071,0.527249,0.497459,309.09,315.14,305.72,36.01,36.08,32.92,69.39,70.24,66.61,128.82,132.06,127.56,28.81,29.11,27.46,,,,
"Jan 17, 2024",43132.1,43189.89,42189.31,2587.04,2592.74,2508.43,0.081312,0.081539,0.079556,97.62,102.43,97.06,0.53565,0.538775,0.5238,315.16,315.93,307.36,35.58,36.43,35.34,69.46,69.88,68.59,122.15,129.69,120.26,29.45,29.59,28.68,,,,
"Jan 16, 2024",42499.34,43566.27,42086,2510.63,2613.57,2500,0.081106,0.082267,0.07999,94.44,98.6,94.4,0.52805,0.546019,0.527511,317.55,318.75,313.54,35.65,36.5,34.86,69.23,70.41,68.6,123.14,123.6,117.03,29.22,29.76,28.93,,,,
"Jan 15, 2024",41715.07,43319.72,41705.42,2471.67,2550.77,2470.82,0.079969,0.081637,0.079969,94.04,96.82,93.24,0.525908,0.540546,0.524869,299.03,319.59,299.03,35.33,36.74,35.23,69.8,71.53,69.05,128.29,129.39,120.04,28.25,29.64,28.25,,,,
"Jan 14, 2024",42842.26,43065.6,41724.61,2578,2578.33,2470.42,0.080921,0.083824,0.079851,95.73,102.17,93.89,0.549369,0.549566,0.525981,302.23,306.5,299.01,36.45,37.79,35.34,71.99,72.24,69.69,129.12,129.87,127.47,29.53,29.61,28.26,,,,
"Jan 13, 2024",42799.45,43234.66,42464.14,2522.93,2589.08,2498.59,0.080036,0.08126,0.078906,91.76,96.92,89.75,0.547301,0.553008,0.537095,296.63,302.92,291.52,35.87,36.6,34.87,72.89,73.48,71.1,132.51,133.55,126.8,28.97,29.94,28.26,,,,
"Jan 12, 2024",46354.79,46498.14,41903.77,2619.18,2710.42,2460.93,0.084615,0.085378,0.078247,99.91,100.25,88.31,0.582134,0.587702,0.536105,308.63,312.69,290.74,39.41,39.52,35.04,71.98,76.85,70.68,135.06,137.17,129.66,30.07,31.07,28.13,,,,
"Jan 11, 2024",46656.07,48969.37,45678.64,2584.17,2687.78,2567.99,0.082969,0.087635,0.082383,102.1,106.94,98.41,0.566617,0.615794,0.562519,305.22,316.72,302.65,38.48,41.63,37.64,69.92,74.51,69.74,137.92,139.9,134.91,29.4,30.76,29.29,,,,
"Jan 10, 2024",46121.54,47647.22,44483.15,2344.92,2626.98,2341.94,0.079263,0.08445,0.076683,99.38,105.08,92.56,0.511591,0.587178,0.494356,300.98,309.6,290.12,34.69,39.45,33.54,66.95,71.04,65.41,135.33,141.34,134.21,27.34,29.86,26.98,,,,
"Jan 9, 2024",46987.64,47893.7,45244.71,2332.87,2369.64,2243.22,0.081378,0.082182,0.077233,97.82,103.8,95.89,0.541072,0.542585,0.498998,304.48,306.67,296.52,36.09,37.54,33.87,67.81,67.84,64.87,142.59,143.61,133.45,28.46,28.55,26.4,,,,
"Jan 8, 2024",43948.71,47218,43244.08,2222.86,2358.82,2171.99,0.078228,0.081717,0.074972,89.28,99.76,85.65,0.494223,0.542902,0.468186,302.9,308.28,290.88,33.63,36.37,31.48,64.25,68.3,61.71,141.89,143.42,139.91,27.15,28.49,25.66,,,,
"Jan 7, 2024",43998.46,44495.57,43662.23,2242.01,2257.13,2211.56,0.080668,0.081474,0.077635,93.86,96.69,88.22,0.523169,0.529506,0.490306,307.79,309.88,301.09,34.63,35.71,33.28,65.68,66.3,63.96,138.91,143.73,138.85,28.79,29.32,27.01,,,,
"Jan 6, 2024",44178.95,44227.63,43475.16,2269.54,2271.36,2219.78,0.082773,0.082773,0.078854,99.99,100.04,92.02,0.541309,0.542212,0.509535,317.5,317.83,301.4,36.43,36.47,33.64,66.02,66.11,63.64,134.78,139.93,133.6,29.55,29.55,27.83,,,,
"Jan 5, 2024",44192.98,44353.29,42784.72,2269.41,2276.76,2209.54,0.084121,0.084755,0.081235,105.05,105.24,95.94,0.570543,0.572709,0.526672,323.62,327.04,310.65,38.74,38.9,35.24,66.49,66.75,64.62,138.21,140.75,131.27,30.09,30.19,28.47,,,,
"Jan 4, 2024",42855.82,44770.02,42675.18,2210.53,2294.61,2204.87,0.082049,0.084655,0.081551,98.59,107.98,97.11,0.557277,0.577765,0.552852,316.62,323.82,312.15,36.8,39.36,36.3,65.3,66.96,64.82,139.61,144.3,137.72,29.01,30.61,28.7,,,,
"Jan 3, 2024",44961.6,45503.24,40813.54,2355.98,2385.12,2113.93,0.091205,0.092093,0.081018,106.62,109.85,92.92,0.605669,0.617962,0.525139,312.15,332.75,301.42,40.65,41.4,34.12,72.99,73.57,63.05,133.99,142.72,129.31,32.8,33.45,28.48,,,,
"Jan 2, 2024",44187.14,45899.71,44176.95,2352.59,2431.21,2348.89,0.092037,0.09433,0.090804,109.55,116.88,106.39,0.623141,0.636704,0.603568,314.27,320.93,308.35,41.87,43.39,40.47,74.73,75.81,72.7,141.04,141.35,128.61,33.34,33.9,32.45,,,,
"Jan 1, 2024",42280.23,44175.44,42214.98,2282.87,2352.33,2267.02,0.089473,0.092046,0.088838,101.51,109.51,101.51,0.594187,0.623812,0.592739,312.39,315.75,308.1,38.56,41.98,38.17,72.91,74.73,72.25,140.99,141.67,136.63,31.71,33.47,31.17,,,,
